INSERT INTO AdminMaster([AdminID],[Name],[EmailID],[ContactNo],[Address])
VALUES(1,'Rohan_157','semper@luctuset.ca','+92 009378168','P.O. Box 788, 9737 Tempor Ave'),
(2,'Xam_3xPlioTer','nec.luctus@Inornaresagittis.org','+92 949849999','5550 Auctor St.');


INSERT INTO City([CityID],[CityName]) VALUES(1,'Priero'),(2,'Senneville'),(3,'Fernie'),(4,'LaSalle'),(5,'Novoli'),(6,'Albisola Superiore'),(7,'Placanica'),(8,'Galmaarden'),(9,'Sankt Johann im Pongau'),(10,'Płock');
INSERT INTO City([CityID],[CityName]) VALUES(11,'Villar Pellice'),(12,'Grantham'),(13,'Solre-sur-Sambre'),(14,'Mardan'),(15,'Silius'),(16,'Berlare'),(17,'La Thuile'),(18,'Krasnaya Yaruga'),(19,'Pedro Aguirre Cerda'),(20,'Kasur');
INSERT INTO City([CityID],[CityName]) VALUES(21,'Malbaie'),(22,'Bucheon'),(23,'Sant''Elpidio a Mare'),(24,'Treglio'),(25,'Salem'),(26,'Chulucanas'),(27,'Thatta'),(28,'Lörrach'),(29,'Busan'),(30,'Woodlands County');
INSERT INTO City([CityID],[CityName]) VALUES(31,'Avise'),(32,'Santa María'),(33,'Alness'),(34,'Beauwelz'),(35,'North Cowichan'),(36,'Gulbarga'),(37,'Villavicencio'),(38,'Zlatoust'),(39,'Sint-Kruis-Winkel'),(40,'Nieuwkapelle');
INSERT INTO City([CityID],[CityName]) VALUES(41,'Caprauna'),(42,'Chesapeake'),(43,'Kasur'),(44,'Kota'),(45,'Lingen'),(46,'Vitória da Conquista'),(47,'Lethbridge'),(48,'Huissen'),(49,'South Burlington'),(50,'Stekene');


INSERT INTO ClientMaster([ClientID],[Name],[ContactNo],[Address],[CityID],[Cnic]) VALUES(1,'Teegan Heath','+92 187416790','P.O. Box 462, 5101 Pellentesque, St.',5,'16880207 3000'),(2,'Laurel Graves','+92 148179722','3703 Erat Avenue',43,'16600311 5810'),(3,'Heidi Hancock','+92 530234928','Ap #242-8998 Nonummy Street',17,'16840312 7023'),(4,'Josephine Rich','+92 263629684','Ap #256-5928 Tincidunt St.',27,'16280624 9617'),(5,'Xander Morse','+92 250424471','652-4989 Curabitur St.',32,'16440428 8716'),(6,'Julian Mullen','+92 080155927','P.O. Box 727, 7625 Proin Street',23,'16880308 2638'),(7,'Raven Dickerson','+92 303522026','P.O. Box 124, 9804 Nunc Avenue',26,'16260110 9891'),(8,'Martena Mann','+92 641922032','P.O. Box 868, 7681 Sed Rd.',40,'16430713 1211'),(9,'Rachel Young','+92 789575814','Ap #116-4768 Interdum Ave',45,'16370909 1726'),(10,'Phoebe Wallace','+92 339306223','450-6782 Purus St.',27,'16621223 4493');
INSERT INTO ClientMaster([ClientID],[Name],[ContactNo],[Address],[CityID],[Cnic]) VALUES(11,'Ali Garrett','+92 593511117','666-5278 Suspendisse Ave',21,'16441018 6433'),(12,'Phelan West','+92 277960254','987-9043 Urna. Av.',15,'16530410 0612'),(13,'Stephen Howe','+92 849941786','P.O. Box 950, 1529 Vehicula St.',21,'16920507 0452'),(14,'Darius Becker','+92 664220639','6006 Mauris St.',2,'16210525 4805'),(15,'Stephanie Mcdowell','+92 383083993','Ap #938-215 Et Ave',35,'16090714 5940'),(16,'Zelenia Tran','+92 660553011','8605 Imperdiet, Avenue',18,'16960605 5110'),(17,'Kane Johns','+92 700732098','Ap #795-2823 Condimentum. St.',47,'16990422 3865'),(18,'Adam Carrillo','+92 559481646','9248 Placerat Rd.',32,'16150430 5341'),(19,'Ima Carpenter','+92 304113557','P.O. Box 711, 259 Mollis Avenue',23,'16470301 8780'),(20,'Kaseem Finley','+92 241448480','Ap #959-8105 Fermentum Av.',48,'16170224 0696');
INSERT INTO ClientMaster([ClientID],[Name],[ContactNo],[Address],[CityID],[Cnic]) VALUES(21,'Sawyer Petersen','+92 910337797','457 Ac Rd.',4,'16880220 0587'),(22,'Jared Bauer','+92 416447261','5593 Nisl. Avenue',3,'16900228 4215'),(23,'Emery Robertson','+92 115347402','Ap #336-9538 Mi. St.',12,'16640916 7597'),(24,'Tana Velazquez','+92 854190817','507-9403 Lectus Rd.',20,'16850621 7218'),(25,'Kirk Lloyd','+92 994788749','5428 Aliquam Street',18,'16750624 3893'),(26,'Adria Navarro','+92 822738595','P.O. Box 445, 9867 Luctus Rd.',40,'16201013 0082'),(27,'Ishmael Dickson','+92 088530409','685 Aliquam Rd.',35,'16410701 2926'),(28,'Sean Gray','+92 377879735','5986 Donec Rd.',11,'16090726 1838'),(29,'Marvin Cruz','+92 985173227','P.O. Box 122, 4551 Semper. Avenue',37,'16290124 9249'),(30,'Ivan Hart','+92 673587432','P.O. Box 424, 2285 Sed St.',36,'16180813 9735');
INSERT INTO ClientMaster([ClientID],[Name],[ContactNo],[Address],[CityID],[Cnic]) VALUES(31,'Ima Wells','+92 662049645','191-9973 Orci Road',30,'16640303 8067'),(32,'Isaac King','+92 675134978','386-9808 Semper Rd.',26,'16181123 3129'),(33,'Herrod Bernard','+92 855231649','8306 Semper Av.',12,'16311021 5682'),(34,'Jeremy Hatfield','+92 300323813','7956 Nulla. Road',45,'16951109 1036'),(35,'Roth Mcdonald','+92 542331106','320-8628 Fringilla, Ave',13,'16191123 5198'),(36,'Ayanna Alvarado','+92 367965178','478-568 Leo Ave',36,'16320419 4512'),(37,'Trevor Cook','+92 019179507','460-7082 Consequat Ave',30,'16390602 6079'),(38,'Hoyt Mccoy','+92 607168750','5409 Convallis St.',23,'16420122 7685'),(39,'Quemby Ayala','+92 766801870','9873 Eleifend Av.',15,'16690104 2603'),(40,'Alexa Vargas','+92 457595654','325-1803 Commodo Ave',18,'16061124 9186');
INSERT INTO ClientMaster([ClientID],[Name],[ContactNo],[Address],[CityID],[Cnic]) VALUES(41,'Katelyn Neal','+92 951524559','P.O. Box 546, 6840 Non, Rd.',8,'16601204 8242'),(42,'Suki French','+92 554485915','196-9599 Augue Road',43,'16260406 0554'),(43,'Jorden Mills','+92 141824641','Ap #249-588 Primis Road',21,'16370612 2771'),(44,'Anika Dyer','+92 794968751','2554 In Avenue',44,'16990929 2287'),(45,'David Ingram','+92 103830428','Ap #266-8653 Tellus Road',44,'16510809 4995'),(46,'Gregory Frost','+92 119026788','6081 Amet Av.',37,'16610316 2209'),(47,'Patricia Gallegos','+92 766550588','P.O. Box 557, 6497 Integer Ave',42,'16040823 2130'),(48,'Nero Ashley','+92 909676509','318-3217 Lacus. Avenue',43,'16150130 7183'),(49,'Callum Vega','+92 692751157','6370 Semper Rd.',27,'16490930 9108'),(50,'Hammett Massey','+92 129594567','P.O. Box 989, 6066 Malesuada Ave',31,'16430501 5515');
INSERT INTO ClientMaster([ClientID],[Name],[ContactNo],[Address],[CityID],[Cnic]) VALUES(51,'Alan Faulkner','+92 958268698','P.O. Box 803, 5747 Cras Road',42,'16170905 9461'),(52,'Ross Erickson','+92 015207216','Ap #734-7631 In Road',11,'16700617 1321'),(53,'Bruno Banks','+92 890393794','P.O. Box 891, 1447 Imperdiet Avenue',47,'16770107 1222'),(54,'Irene Barr','+92 963946885','Ap #331-6928 Vitae Street',37,'16830119 5403'),(55,'Micah Franco','+92 612016974','143-8608 Suspendisse Rd.',23,'16490918 9385'),(56,'Odette Sosa','+92 711522102','268-5271 Nec, Rd.',4,'16471104 4836'),(57,'Hermione Mason','+92 817826195','Ap #869-8249 Luctus, Road',10,'16700812 2496'),(58,'Jael Allen','+92 948036650','1444 Porttitor Rd.',43,'16711120 4520'),(59,'Dorian Gilliam','+92 034484031','Ap #399-5188 Et Street',35,'16530624 6454'),(60,'Lane Gallagher','+92 316214636','996-9694 Velit Avenue',25,'16950101 9450');
INSERT INTO ClientMaster([ClientID],[Name],[ContactNo],[Address],[CityID],[Cnic]) VALUES(61,'Denise Reid','+92 664919646','Ap #152-9256 Vivamus St.',14,'16230815 5700'),(62,'Gage Maddox','+92 213461908','P.O. Box 427, 3125 Tristique Rd.',5,'16760216 8473'),(63,'May Cervantes','+92 500596626','Ap #750-9094 Risus, Road',36,'16540925 8547'),(64,'Nicholas Wilder','+92 157855127','755-2871 Aenean Rd.',22,'16190825 5100'),(65,'Griffith Christian','+92 915334372','P.O. Box 526, 8433 Lorem Street',37,'16711004 0263'),(66,'Beck Waller','+92 635467161','671-7303 Sem Rd.',38,'16691019 8537'),(67,'Fallon Park','+92 222066710','Ap #472-9219 Nunc Road',13,'16540516 2420'),(68,'Rhoda Rios','+92 917862158','Ap #249-1668 Nulla St.',4,'16520516 8536'),(69,'Maxine Gardner','+92 426773287','Ap #597-2847 Orci, Avenue',1,'16460311 8359'),(70,'Boris Emerson','+92 169492210','1329 Fames Rd.',46,'16590230 1992');
INSERT INTO ClientMaster([ClientID],[Name],[ContactNo],[Address],[CityID],[Cnic]) VALUES(71,'Plato Bradshaw','+92 438840409','P.O. Box 451, 6723 Lectus Ave',14,'16410113 6358'),(72,'Kiara Marks','+92 207201723','406 Dui St.',26,'16680928 6930'),(73,'Hedley Garza','+92 442468893','895-7098 Pede. Road',50,'16661214 8079'),(74,'Beau Wood','+92 710067037','512-6943 Bibendum Rd.',37,'16800427 4711'),(75,'Lillian Bradford','+92 439667756','P.O. Box 857, 5475 Curabitur Av.',11,'16390922 7211'),(76,'Unity Maxwell','+92 790307922','Ap #238-1479 Nec, Street',11,'16991205 0367'),(77,'Nolan Rodgers','+92 601999907','2083 Feugiat St.',19,'16200612 0121'),(78,'Jennifer Harrington','+92 246981084','P.O. Box 288, 1095 Nec St.',49,'16081020 7951'),(79,'Cain Guthrie','+92 666224165','489-3740 Phasellus Ave',47,'16650928 2429'),(80,'Eagan Long','+92 178729462','P.O. Box 542, 1297 Phasellus Rd.',19,'16090520 2230');
INSERT INTO ClientMaster([ClientID],[Name],[ContactNo],[Address],[CityID],[Cnic]) VALUES(81,'Shelley Landry','+92 674829199','242-1951 Blandit Street',29,'16910304 9509'),(82,'Lyle Velez','+92 384993713','6141 Egestas Road',36,'16110515 3124'),(83,'Malachi Brennan','+92 597686079','436-728 Lorem Rd.',50,'16380802 7282'),(84,'Ria Sargent','+92 461607874','Ap #926-5887 Mauris Road',29,'16950418 2453'),(85,'Alden Merrill','+92 459852105','7238 Suspendisse St.',33,'16770209 8216'),(86,'Perry Hoover','+92 010048316','P.O. Box 253, 2350 Faucibus Street',13,'16350720 1261'),(87,'Adena Mcbride','+92 181964363','P.O. Box 638, 3907 Aliquam St.',1,'16960811 1028'),(88,'Brenden Dawson','+92 468134861','4251 Dolor. Avenue',38,'16661128 2333'),(89,'Calista Rosario','+92 369103758','P.O. Box 874, 9367 Vulputate, Avenue',1,'16450313 6683'),(90,'Tad Miller','+92 007080677','P.O. Box 813, 6155 Donec Road',45,'16430315 9349');
INSERT INTO ClientMaster([ClientID],[Name],[ContactNo],[Address],[CityID],[Cnic]) VALUES(91,'Sharon Everett','+92 341443488','Ap #862-4458 Diam. Av.',11,'16950506 2951'),(92,'Carissa Graham','+92 110590655','P.O. Box 503, 8511 Ligula. St.',47,'16860720 1871'),(93,'Dominique Booker','+92 577394246','P.O. Box 827, 1422 Eros St.',12,'16330910 1990'),(94,'Slade Cobb','+92 742407572','2794 Nec St.',16,'16700219 8286'),(95,'Oren Holder','+92 473948456','P.O. Box 460, 7569 Sem. Street',36,'16680726 1109'),(96,'Hiroko Gomez','+92 887184482','7106 Amet Av.',19,'16910211 1003'),(97,'Lars Dickerson','+92 017459211','386-7677 Mi Avenue',18,'16470830 2189'),(98,'Elijah Odom','+92 799205471','4952 Id, Avenue',8,'16521122 4034'),(99,'Dane Reilly','+92 397782810','P.O. Box 986, 632 Sed Avenue',49,'16411029 5476'),(100,'Ayanna Estrada','+92 361539176','Ap #609-8351 Dolor, Rd.',42,'16190604 1767');


INSERT INTO PropertyType([PTID],[Name]) VALUES(1,'Commercial'),(2,'Residential'),(3,'Rural');


INSERT INTO PropertyMaster([PropertyID],[ClientID],[Total_value],[PTID],[Bedroom],[Furnished],[Bathroom],[Area],[CityID],[Date_added],[Availabilty]) VALUES(1,29,89702039,3,2,'No',3,'-26.31824, -107.08764',20,'19/04/2020','Yes'),(2,48,7430071,3,6,'Yes',6,'-5.53043, -92.7598',40,'04/07/2019','No'),(3,40,28527517,3,3,'Yes',3,'33.00362, -57.73464',41,'03/09/2020','No'),(4,44,72038704,3,2,'No',3,'29.19578, -152.76208',15,'23/06/2019','No'),(5,78,42397416,1,6,'Yes',2,'-69.25925, -42.24505',4,'05/05/2020','No'),(6,27,66010020,1,7,'Yes',4,'67.43803, 71.00267',31,'18/07/2019','Yes'),(7,39,50904235,3,8,'Yes',7,'5.35683, -137.6193',30,'11/07/2019','No'),(8,11,74947189,3,9,'No',3,'85.16303, -1.53206',7,'28/04/2020','No'),(9,73,44683708,2,4,'Yes',2,'-18.44311, 61.8192',50,'18/12/2018','No'),(10,83,82427470,2,5,'Yes',7,'-42.52607, -96.3833',2,'01/12/2020','Yes');
INSERT INTO PropertyMaster([PropertyID],[ClientID],[Total_value],[PTID],[Bedroom],[Furnished],[Bathroom],[Area],[CityID],[Date_added],[Availabilty]) VALUES(11,89,9485701,2,8,'No',7,'39.82688, 43.10534',42,'09/10/2019','No'),(12,36,35900044,2,4,'Yes',3,'78.87473, 7.90877',17,'06/04/2019','Yes'),(13,21,25604235,1,1,'Yes',2,'32.73727, 117.95759',5,'11/05/2020','No'),(14,70,54912867,1,4,'Yes',3,'64.33116, -48.06746',48,'14/06/2020','No'),(15,86,12785301,2,8,'No',4,'-84.49212, -15.64959',1,'27/09/2019','Yes'),(16,24,27209324,3,9,'No',3,'-24.36494, -152.57042',12,'29/11/2020','No'),(17,54,55381052,2,5,'No',6,'74.86843, -61.21147',4,'25/01/2019','No'),(18,68,21797653,2,9,'No',1,'-13.3695, 99.16362',15,'04/01/2019','No'),(19,55,69062600,3,5,'No',3,'81.13078, -104.33348',38,'19/04/2019','Yes'),(20,42,32711803,1,8,'Yes',5,'-17.57861, -3.01872',19,'05/06/2019','Yes');
INSERT INTO PropertyMaster([PropertyID],[ClientID],[Total_value],[PTID],[Bedroom],[Furnished],[Bathroom],[Area],[CityID],[Date_added],[Availabilty]) VALUES(21,15,14472054,3,7,'No',7,'44.34023, 19.9035',39,'22/08/2019','Yes'),(22,90,88980159,2,5,'No',3,'59.0611, 48.49007',13,'22/10/2019','Yes'),(23,80,82112466,1,8,'Yes',7,'-15.13683, 106.40136',49,'30/10/2020','No'),(24,31,27071583,1,8,'No',2,'-13.87534, 39.72322',13,'02/02/2020','No'),(25,29,30377077,2,3,'No',1,'-15.86375, 18.33741',49,'11/07/2019','Yes'),(26,2,75926979,3,6,'No',1,'-64.91278, -35.41214',22,'17/08/2019','No'),(27,74,44196804,3,2,'Yes',7,'-63.88053, -127.81889',18,'17/09/2020','No'),(28,95,50747879,1,8,'Yes',6,'-50.49954, -158.1148',34,'22/07/2020','Yes'),(29,18,64491711,1,4,'Yes',4,'80.95247, -77.47067',15,'22/03/2019','No'),(30,46,92726275,2,3,'Yes',6,'-38.36318, 127.19691',30,'26/02/2019','Yes');
INSERT INTO PropertyMaster([PropertyID],[ClientID],[Total_value],[PTID],[Bedroom],[Furnished],[Bathroom],[Area],[CityID],[Date_added],[Availabilty]) VALUES(31,57,59249657,3,9,'No',7,'-77.08192, -103.28518',45,'03/03/2020','Yes'),(32,79,96421409,3,6,'Yes',4,'37.36777, -5.04104',45,'30/11/2020','Yes'),(33,94,34391287,3,8,'No',7,'52.9016, 130.67281',45,'28/12/2018','Yes'),(34,79,61189700,1,8,'No',7,'-20.34063, -123.06501',14,'25/11/2019','No'),(35,9,85489824,1,5,'Yes',6,'-61.55272, 36.25363',36,'28/05/2020','Yes'),(36,54,29485135,2,5,'Yes',5,'41.29485, -170.86047',44,'04/11/2019','No'),(37,17,10375661,1,7,'Yes',6,'-66.82432, -131.03039',27,'16/11/2019','No'),(38,79,47678590,3,3,'No',6,'-42.51134, 36.86012',38,'09/06/2019','Yes'),(39,89,35237722,3,2,'Yes',3,'40.45595, 165.56607',15,'13/06/2019','Yes'),(40,41,32734430,3,1,'Yes',1,'-24.55029, -89.87652',50,'10/12/2020','Yes');
INSERT INTO PropertyMaster([PropertyID],[ClientID],[Total_value],[PTID],[Bedroom],[Furnished],[Bathroom],[Area],[CityID],[Date_added],[Availabilty]) VALUES(41,94,19571954,1,9,'Yes',3,'-45.99828, -95.31495',16,'16/10/2020','No'),(42,61,43965019,1,6,'Yes',4,'23.19733, -174.85463',5,'16/02/2020','Yes'),(43,91,82781888,2,6,'Yes',1,'-78.79108, 78.27654',44,'09/09/2019','No'),(44,70,2650738,1,3,'Yes',4,'63.5576, -167.13142',27,'02/04/2019','No'),(45,17,58442198,1,6,'Yes',3,'47.09733, 22.09501',3,'13/02/2020','Yes'),(46,16,73435505,2,6,'No',5,'-27.8259, -132.19766',3,'09/02/2020','Yes'),(47,31,75119377,1,1,'No',7,'20.89162, -88.24084',2,'28/02/2019','Yes'),(48,8,56719890,1,1,'Yes',3,'-83.78869, -168.69963',27,'15/05/2019','No'),(49,28,24604180,2,3,'No',3,'9.42328, 118.45892',27,'09/02/2020','No'),(50,97,53445679,1,2,'Yes',5,'-38.69363, 156.05393',40,'21/02/2019','Yes');
INSERT INTO PropertyMaster([PropertyID],[ClientID],[Total_value],[PTID],[Bedroom],[Furnished],[Bathroom],[Area],[CityID],[Date_added],[Availabilty]) VALUES(51,88,16703145,2,4,'No',4,'34.6592, -85.20182',9,'26/07/2019','No'),(52,27,32408947,2,1,'No',1,'33.89452, 130.32218',13,'09/04/2020','Yes'),(53,98,35181172,3,6,'Yes',6,'60.4703, -139.85979',37,'04/03/2020','Yes'),(54,45,70121321,2,4,'No',6,'5.75743, 97.54091',36,'30/10/2020','Yes'),(55,62,77862260,1,2,'No',1,'43.36189, -109.37101',38,'06/07/2020','Yes'),(56,78,69258707,3,6,'No',1,'53.11357, -1.93099',23,'08/05/2020','No'),(57,81,78161981,2,5,'No',6,'-54.1488, 86.90663',8,'01/08/2019','No'),(58,85,3353244,2,9,'No',6,'67.47828, 137.52705',48,'18/05/2019','No'),(59,36,6575073,2,9,'No',7,'-35.45011, -107.07047',33,'29/09/2020','No'),(60,49,83596562,3,9,'No',6,'73.01283, 154.85423',16,'10/04/2020','Yes');
INSERT INTO PropertyMaster([PropertyID],[ClientID],[Total_value],[PTID],[Bedroom],[Furnished],[Bathroom],[Area],[CityID],[Date_added],[Availabilty]) VALUES(61,88,2134812,3,6,'Yes',3,'46.64361, 39.19426',10,'24/03/2020','No'),(62,49,49820417,3,6,'No',2,'53.28757, 97.63644',43,'03/05/2020','Yes'),(63,86,53459633,3,4,'No',4,'59.73954, 111.76038',7,'21/12/2018','Yes'),(64,44,45766184,1,3,'Yes',7,'35.81737, 30.07041',12,'27/01/2019','Yes'),(65,69,55138616,3,3,'Yes',4,'-80.21327, -153.11807',31,'03/02/2020','Yes'),(66,65,47728496,3,2,'No',6,'-7.58612, -4.54698',14,'05/12/2019','No'),(67,100,18486751,2,5,'No',2,'66.83238, -95.39409',50,'16/05/2020','No'),(68,63,69690972,1,7,'No',2,'-2.32114, 7.06882',9,'14/06/2019','No'),(69,78,58304168,2,8,'Yes',5,'61.80128, -147.34362',17,'23/12/2018','No'),(70,77,23943063,1,1,'No',1,'-37.43942, 106.46677',39,'25/02/2020','No');
INSERT INTO PropertyMaster([PropertyID],[ClientID],[Total_value],[PTID],[Bedroom],[Furnished],[Bathroom],[Area],[CityID],[Date_added],[Availabilty]) VALUES(71,21,14058624,3,5,'No',7,'-58.60286, 36.65678',24,'26/06/2019','No'),(72,28,61613850,3,3,'Yes',2,'-36.6084, -165.65962',31,'23/06/2020','No'),(73,60,93449341,2,9,'No',1,'24.47402, 72.86481',27,'02/07/2020','Yes'),(74,97,68096354,2,5,'No',3,'72.24857, -128.32011',47,'03/10/2019','No'),(75,55,67821413,1,4,'No',6,'41.76074, 98.99836',28,'12/01/2020','Yes'),(76,6,74633303,2,1,'Yes',5,'-54.76956, 134.38804',45,'08/04/2020','Yes'),(77,64,71263577,3,1,'Yes',7,'-51.1631, -24.58459',21,'25/06/2019','Yes'),(78,30,18197128,2,8,'No',5,'50.13208, -11.43451',3,'13/12/2020','Yes'),(79,94,15244532,2,1,'Yes',6,'-64.34244, -14.76017',50,'09/11/2020','No'),(80,99,7689450,2,8,'No',7,'46.19145, -111.83772',19,'10/12/2020','Yes');
INSERT INTO PropertyMaster([PropertyID],[ClientID],[Total_value],[PTID],[Bedroom],[Furnished],[Bathroom],[Area],[CityID],[Date_added],[Availabilty]) VALUES(81,72,43774400,3,2,'Yes',3,'-54.7396, 116.46278',22,'14/06/2019','Yes'),(82,75,97293066,3,6,'No',7,'-60.3565, 98.4663',22,'01/09/2019','No'),(83,10,75049947,1,7,'Yes',7,'61.43836, -66.23509',1,'22/07/2019','Yes'),(84,62,49560969,1,6,'Yes',6,'0.61433, 107.89605',29,'11/01/2019','Yes'),(85,26,79456782,2,3,'No',3,'69.13984, 158.16316',45,'05/12/2019','Yes'),(86,72,43671536,2,4,'Yes',6,'38.91713, 40.68399',4,'16/03/2020','Yes'),(87,72,66137511,2,8,'Yes',1,'-86.53509, 178.02692',3,'01/09/2019','No'),(88,100,85369096,1,2,'No',4,'27.7309, 56.96182',20,'24/07/2019','Yes'),(89,88,84252691,3,4,'No',4,'74.93301, 20.58361',25,'23/07/2020','No'),(90,43,90804100,1,9,'No',6,'-21.0357, -107.84199',1,'08/04/2019','Yes');
INSERT INTO PropertyMaster([PropertyID],[ClientID],[Total_value],[PTID],[Bedroom],[Furnished],[Bathroom],[Area],[CityID],[Date_added],[Availabilty]) VALUES(91,54,73293271,2,2,'No',5,'-13.95321, -166.28415',8,'30/07/2020','Yes'),(92,60,63355398,2,5,'No',2,'52.03087, 82.09501',49,'16/09/2020','No'),(93,78,85701456,3,9,'No',3,'-78.6593, -99.50885',28,'07/08/2019','No'),(94,18,56796044,1,3,'Yes',6,'44.87973, 115.46836',43,'20/01/2019','Yes'),(95,71,30789195,1,3,'Yes',3,'61.97077, -2.95701',36,'03/12/2019','Yes'),(96,33,42694579,1,7,'No',3,'71.46219, -164.40444',7,'27/08/2019','No'),(97,92,88764026,1,7,'No',5,'-10.91206, -15.55428',28,'21/11/2020','No'),(98,31,31998768,3,2,'Yes',1,'50.3393, 68.39106',10,'26/04/2019','No'),(99,76,59502978,3,2,'No',3,'-30.49115, 146.95148',10,'09/12/2020','No'),(100,58,18361635,3,6,'Yes',5,'3.8288, 85.20146',31,'17/09/2020','Yes');

INSERT INTO PropertyMaster([PropertyID],[ClientID],[Total_value],[PTID],[Bedroom],[Furnished],[Bathroom],[Area],[CityID],[Date_added],[Availabilty]) VALUES(101,78,91010483,1,4,'Yes',1,'72.8373, 176.83725',28,'03/02/2020','Yes'),(102,71,43075279,2,5,'Yes',5,'-88.69592, 135.31189',37,'02/10/2019','No'),(103,51,22836781,1,7,'Yes',6,'50.27739, -108.60124',29,'10/20/2020','Yes'),(104,76,16338408,2,3,'No',4,'-37.71711, 31.70701',36,'08/10/2019','No'),(105,18,47212417,3,3,'No',5,'-83.25302, -149.08387',27,'12/25/2019','Yes'),(106,14,58964083,3,5,'No',2,'57.08622, -56.5096',35,'04/13/2019','Yes'),(107,27,64748492,1,6,'No',5,'46.5456, -30.41219',19,'01/15/2019','Yes'),(108,82,72608829,3,6,'Yes',7,'-87.17916, -154.00693',35,'11/24/2020','Yes'),(109,78,37399135,1,8,'No',2,'12.83842, -138.3219',25,'02/04/2019','Yes'),(110,92,32881741,1,5,'Yes',4,'9.40172, 81.68869',7,'05/29/2019','No');
INSERT INTO PropertyMaster([PropertyID],[ClientID],[Total_value],[PTID],[Bedroom],[Furnished],[Bathroom],[Area],[CityID],[Date_added],[Availabilty]) VALUES(111,74,30752595,2,8,'Yes',2,'33.85845, -175.73656',17,'08/29/2019','No'),(112,89,73183356,1,9,'No',4,'-25.15826, -173.243',24,'02/09/2019','Yes'),(113,96,69841717,3,6,'Yes',2,'44.74329, 59.93602',17,'06/12/2020','No'),(114,76,39067188,3,7,'Yes',6,'82.69672, -178.40996',35,'03/04/2019','No'),(115,61,37088448,2,7,'Yes',6,'33.74797, 149.47027',18,'11/06/2020','Yes'),(116,89,47970271,1,6,'No',2,'4.50376, -130.42971',45,'07/07/2019','No'),(117,73,22298732,3,7,'No',6,'47.34624, 71.58131',25,'04/12/2020','No'),(118,88,90158673,1,6,'No',4,'-12.1907, -89.84141',24,'12/10/2020','No'),(119,57,19255147,1,5,'No',1,'15.06233, 164.75122',43,'09/08/2019','Yes'),(120,38,52880462,1,1,'Yes',4,'56.18817, -73.41288',1,'07/15/2019','Yes');
INSERT INTO PropertyMaster([PropertyID],[ClientID],[Total_value],[PTID],[Bedroom],[Furnished],[Bathroom],[Area],[CityID],[Date_added],[Availabilty]) VALUES(121,75,60319099,3,8,'No',6,'-14.05416, 144.27558',34,'09/06/2019','No'),(122,72,13312366,1,4,'Yes',4,'46.2784, 60.23277',43,'02/13/2020','Yes'),(123,32,23108418,1,7,'No',1,'-39.35328, 141.98789',12,'06/06/2019','No'),(124,23,50324962,2,7,'No',2,'89.54498, -1.67111',43,'06/24/2020','Yes'),(125,6,29951508,1,8,'No',1,'-32.75967, 146.89585',14,'12/04/2020','Yes'),(126,6,11837586,1,6,'Yes',7,'-71.57373, -163.83339',6,'01/25/2019','No'),(127,39,79180209,2,1,'Yes',1,'42.84569, -88.93908',25,'09/20/2019','Yes'),(128,9,72253381,1,4,'Yes',6,'-44.2709, 118.08672',50,'04/07/2019','No'),(129,35,32274812,3,9,'No',7,'-50.4485, -72.49826',40,'07/23/2020','Yes'),(130,63,59542578,3,1,'Yes',6,'14.74464, -87.57608',39,'04/16/2019','Yes');
INSERT INTO PropertyMaster([PropertyID],[ClientID],[Total_value],[PTID],[Bedroom],[Furnished],[Bathroom],[Area],[CityID],[Date_added],[Availabilty]) VALUES(131,22,21158797,1,3,'Yes',2,'49.00331, -92.1283',9,'09/25/2019','No'),(132,94,67845507,2,6,'No',3,'-73.38964, 6.44188',20,'10/30/2020','Yes'),(133,73,23554358,2,6,'Yes',2,'-54.11052, 82.10093',7,'10/02/2019','Yes'),(134,92,82399194,1,6,'Yes',5,'-82.6088, 32.58457',41,'03/11/2020','Yes'),(135,15,82218563,1,1,'Yes',5,'-83.36766, -145.45824',16,'02/28/2020','Yes'),(136,19,60106335,3,7,'No',4,'13.85217, -154.32261',41,'03/12/2019','Yes'),(137,9,74894288,1,7,'No',6,'31.97214, -133.69989',26,'12/27/2019','No'),(138,64,73177363,1,3,'Yes',7,'48.90723, 58.98939',22,'06/23/2020','Yes'),(139,17,72277400,3,2,'No',5,'1.12207, -105.67992',9,'08/09/2019','No'),(140,74,73207961,2,1,'No',7,'28.90185, 56.6674',3,'04/09/2019','Yes');
INSERT INTO PropertyMaster([PropertyID],[ClientID],[Total_value],[PTID],[Bedroom],[Furnished],[Bathroom],[Area],[CityID],[Date_added],[Availabilty]) VALUES(141,73,79403787,2,3,'No',2,'-72.97829, -32.06174',18,'02/26/2019','Yes'),(142,35,79619176,3,8,'No',5,'32.49385, 145.59881',25,'08/07/2020','No'),(143,19,33928987,3,2,'Yes',6,'0.87982, -111.61306',32,'10/27/2019','No'),(144,81,49134550,1,5,'Yes',5,'-44.07256, -153.42082',15,'05/29/2020','No'),(145,50,49573616,2,5,'Yes',1,'14.45894, 142.44534',34,'12/14/2020','No'),(146,85,30996141,1,1,'No',7,'21.28744, -25.44399',39,'01/10/2020','No'),(147,45,69781861,3,3,'No',5,'-9.42169, -72.73434',46,'10/10/2020','No'),(148,27,16679289,1,6,'No',5,'-9.03806, -36.50085',20,'10/22/2019','No'),(149,55,30257403,2,9,'Yes',3,'-72.18748, 145.31261',2,'07/15/2020','Yes'),(150,14,39816801,2,5,'Yes',2,'20.44686, 40.96102',50,'02/03/2019','No');
INSERT INTO PropertyMaster([PropertyID],[ClientID],[Total_value],[PTID],[Bedroom],[Furnished],[Bathroom],[Area],[CityID],[Date_added],[Availabilty]) VALUES(151,3,72711192,2,8,'No',1,'1.90211, 10.84551',32,'01/01/2020','Yes'),(152,40,90729281,3,2,'No',3,'-31.31304, -89.78598',18,'03/09/2019','Yes'),(153,91,35296797,2,4,'No',5,'-55.05176, -97.86583',42,'01/17/2019','Yes'),(154,87,60656656,3,4,'No',6,'53.58111, 175.93141',12,'12/21/2019','Yes'),(155,35,23267790,3,9,'Yes',4,'-42.19598, 74.66798',1,'01/26/2020','No'),(156,98,41401998,1,2,'No',5,'-20.00053, 130.02011',8,'08/02/2020','No'),(157,72,35790176,2,1,'No',5,'1.80666, -169.8881',17,'09/17/2020','No'),(158,23,14140102,2,7,'No',5,'-38.4529, 85.32692',27,'03/28/2019','No'),(159,7,15341640,3,1,'No',4,'-14.16983, 53.44541',36,'09/23/2020','No'),(160,45,96580130,1,7,'No',4,'-32.70852, -79.50768',30,'03/01/2020','No');
INSERT INTO PropertyMaster([PropertyID],[ClientID],[Total_value],[PTID],[Bedroom],[Furnished],[Bathroom],[Area],[CityID],[Date_added],[Availabilty]) VALUES(161,81,30049060,3,8,'Yes',3,'33.0905, -50.51983',22,'03/06/2020','No'),(162,33,60813397,1,8,'No',7,'-84.16928, -174.24935',18,'12/04/2020','Yes'),(163,34,49358461,3,9,'Yes',5,'-56.76666, 110.66574',12,'10/25/2020','No'),(164,22,71360835,2,4,'Yes',5,'-27.19985, 55.67677',11,'04/19/2020','No'),(165,32,75909756,2,4,'Yes',2,'28.63474, 99.18882',34,'05/20/2019','Yes'),(166,3,33884049,2,5,'No',5,'-34.51473, -103.94746',40,'06/16/2020','No'),(167,34,78374374,3,6,'No',4,'80.11707, 172.36865',22,'09/14/2019','No'),(168,72,97632044,1,5,'Yes',4,'84.04064, 152.10892',49,'01/25/2019','No'),(169,94,95782557,2,1,'No',5,'78.16843, 72.61276',37,'09/29/2020','No'),(170,75,85042663,3,5,'Yes',4,'58.43969, -92.50162',26,'01/11/2020','No');
INSERT INTO PropertyMaster([PropertyID],[ClientID],[Total_value],[PTID],[Bedroom],[Furnished],[Bathroom],[Area],[CityID],[Date_added],[Availabilty]) VALUES(171,76,35285252,3,4,'Yes',5,'-3.90385, 51.85599',42,'12/24/2018','Yes'),(172,32,69050501,1,4,'No',5,'-13.64133, 113.92498',38,'12/07/2020','Yes'),(173,61,52966928,3,2,'No',7,'36.72352, 102.26092',31,'01/20/2020','Yes'),(174,75,90601687,1,1,'No',2,'88.28838, 22.04244',21,'02/05/2019','No'),(175,31,83862511,3,6,'No',6,'-70.89271, 70.91863',37,'11/28/2019','Yes'),(176,32,80515241,3,1,'Yes',1,'21.12211, 87.81061',29,'11/28/2019','Yes'),(177,81,35970659,2,5,'No',3,'21.94524, -101.17683',23,'05/03/2020','No'),(178,73,19425947,3,3,'No',6,'26.65396, -7.20651',27,'05/11/2019','No'),(179,56,67537859,2,8,'No',5,'-66.85852, -139.49387',47,'04/16/2019','Yes'),(180,69,25104478,3,1,'No',1,'30.83738, 156.46119',10,'05/21/2020','Yes');
INSERT INTO PropertyMaster([PropertyID],[ClientID],[Total_value],[PTID],[Bedroom],[Furnished],[Bathroom],[Area],[CityID],[Date_added],[Availabilty]) VALUES(181,85,14938634,1,5,'No',1,'-12.77569, -25.43833',33,'07/15/2020','Yes'),(182,97,58957417,3,7,'No',7,'9.90406, -96.79434',5,'07/20/2019','Yes'),(183,97,73909768,1,6,'No',6,'0.96613, -100.38133',6,'07/17/2019','No'),(184,14,34849860,2,4,'No',7,'-14.21488, -12.99164',31,'06/17/2020','No'),(185,9,94145243,1,1,'No',4,'-18.00262, -133.53197',36,'06/07/2020','No'),(186,66,92638534,1,4,'Yes',6,'31.76999, -17.76636',22,'10/30/2020','Yes'),(187,51,83502147,3,9,'No',4,'85.86079, -151.19474',20,'09/10/2020','Yes'),(188,39,83167399,2,4,'Yes',2,'79.42814, -130.01545',9,'10/02/2020','No'),(189,100,84346946,3,7,'Yes',2,'38.25704, -26.32092',39,'06/01/2020','Yes'),(190,74,53525086,2,3,'No',1,'-36.13169, -74.51418',45,'11/14/2019','Yes');
INSERT INTO PropertyMaster([PropertyID],[ClientID],[Total_value],[PTID],[Bedroom],[Furnished],[Bathroom],[Area],[CityID],[Date_added],[Availabilty]) VALUES(191,30,74677797,3,9,'Yes',5,'-57.07625, -114.00812',3,'12/31/2019','No'),(192,63,89707187,1,7,'No',7,'21.48852, -88.12659',36,'02/05/2019','Yes'),(193,28,72976022,3,4,'No',2,'37.99189, -171.94576',30,'11/08/2019','No'),(194,81,79388513,2,7,'Yes',6,'12.35946, 125.82104',39,'04/21/2019','No'),(195,34,51833534,1,6,'No',7,'-41.4943, 63.05866',10,'09/06/2019','No'),(196,38,15057210,3,5,'No',7,'31.0925, 148.20536',45,'06/18/2019','No'),(197,89,79154899,1,8,'Yes',2,'73.16942, 63.7062',12,'06/25/2019','Yes'),(198,9,13402263,1,4,'Yes',6,'65.97769, -59.28743',30,'06/07/2020','No'),(199,34,88221882,1,8,'Yes',5,'-70.17497, 76.11568',15,'11/17/2019','No'),(200,30,42838563,2,3,'Yes',4,'59.07778, 63.13873',40,'04/08/2020','Yes');

INSERT INTO PropertyMaster([PropertyID],[ClientID],[Total_value],[PTID],[Bedroom],[Furnished],[Bathroom],[Area],[CityID],[Date_added],[Availabilty]) VALUES(201,99,93075139,1,8,'No',1,'-74.15708, 105.51862',33,'10/13/2019','No'),(202,42,95124790,1,3,'No',4,'0.74495, -147.12693',3,'05/31/2020','Yes'),(203,78,30694030,3,1,'Yes',2,'-59.62899, 4.24807',30,'12/26/2019','No'),(204,99,60068468,2,8,'No',7,'63.45356, -119.46463',19,'01/14/2019','No'),(205,84,71631250,1,3,'No',6,'22.97314, -84.70811',30,'08/12/2019','No'),(206,30,38401037,1,2,'No',7,'65.67662, -128.51933',16,'05/22/2020','Yes'),(207,22,12121260,2,5,'Yes',2,'79.08657, 109.09979',30,'05/10/2019','No'),(208,29,90701177,1,6,'No',1,'80.11532, 38.49061',39,'01/18/2019','No'),(209,39,80690933,3,6,'No',5,'-0.57792, 24.84707',27,'11/24/2020','Yes'),(210,76,48968086,2,7,'Yes',2,'-66.55954, 116.8482',45,'03/14/2019','Yes');
INSERT INTO PropertyMaster([PropertyID],[ClientID],[Total_value],[PTID],[Bedroom],[Furnished],[Bathroom],[Area],[CityID],[Date_added],[Availabilty]) VALUES(211,24,94330960,1,9,'No',6,'-57.46289, 32.38143',50,'05/02/2020','No'),(212,48,66859509,2,2,'Yes',1,'-88.3291, 56.23303',18,'02/15/2020','Yes'),(213,47,75513188,2,3,'No',7,'82.73367, 140.19391',37,'12/24/2019','No'),(214,32,11115976,3,7,'Yes',4,'-39.17208, -98.07427',47,'08/21/2019','Yes'),(215,82,22347076,1,3,'Yes',4,'19.63598, 19.49289',34,'10/26/2020','No'),(216,81,26504655,1,3,'No',3,'-80.15698, 171.76718',43,'12/12/2020','No'),(217,55,65078362,2,6,'No',4,'69.58558, -121.03877',7,'03/22/2019','No'),(218,89,93294168,3,7,'Yes',1,'86.30945, 112.90452',43,'04/12/2020','No'),(219,61,90755591,3,1,'No',2,'-9.28264, -31.28151',9,'03/28/2019','No'),(220,12,96151858,1,8,'Yes',6,'86.0949, -91.18644',14,'07/17/2019','No');
INSERT INTO PropertyMaster([PropertyID],[ClientID],[Total_value],[PTID],[Bedroom],[Furnished],[Bathroom],[Area],[CityID],[Date_added],[Availabilty]) VALUES(221,72,12133876,1,3,'Yes',6,'-88.10908, 12.56919',37,'11/19/2020','No'),(222,64,89089193,2,1,'Yes',1,'50.58197, 93.17277',2,'12/05/2020','No'),(223,1,88290252,2,5,'No',3,'32.28032, 150.98603',16,'12/24/2019','Yes'),(224,11,53576060,3,7,'No',3,'-27.11234, -28.25494',2,'09/10/2019','Yes'),(225,99,18196370,1,1,'Yes',5,'70.06601, 51.26562',37,'07/21/2020','No'),(226,42,42282297,3,7,'No',7,'-50.76303, 3.02843',50,'08/28/2019','No'),(227,5,29313831,1,9,'Yes',4,'-39.99254, -149.01051',1,'06/09/2020','No'),(228,99,54653657,3,1,'No',5,'-78.53165, 172.26416',15,'01/30/2019','Yes'),(229,90,31098603,1,6,'No',6,'89.65342, 169.32539',39,'05/10/2020','No'),(230,10,15863420,1,3,'Yes',4,'-61.78114, -160.72785',6,'09/02/2020','No');
INSERT INTO PropertyMaster([PropertyID],[ClientID],[Total_value],[PTID],[Bedroom],[Furnished],[Bathroom],[Area],[CityID],[Date_added],[Availabilty]) VALUES(231,29,89636031,3,1,'No',6,'33.09861, 89.93488',27,'02/24/2019','Yes'),(232,75,37523091,3,4,'Yes',5,'-84.09933, 37.24876',16,'09/24/2020','No'),(233,83,63800899,2,5,'Yes',2,'-58.09676, 120.76837',23,'06/21/2019','No'),(234,18,89145134,1,4,'No',1,'78.30037, -156.86523',13,'10/12/2020','Yes'),(235,73,34830483,1,8,'No',5,'-70.44465, -69.66461',3,'02/07/2019','No'),(236,82,94588771,2,4,'No',5,'-46.34635, -36.27601',23,'10/19/2019','Yes'),(237,26,88259236,3,8,'Yes',7,'-87.79127, -168.66533',47,'12/13/2020','Yes'),(238,18,15805593,3,8,'Yes',5,'56.49759, -38.42734',41,'06/28/2019','Yes'),(239,36,80606495,2,3,'No',2,'-39.83047, -47.59684',47,'05/07/2019','Yes'),(240,48,89476162,1,4,'No',4,'71.26283, -87.71234',21,'03/05/2020','No');
INSERT INTO PropertyMaster([PropertyID],[ClientID],[Total_value],[PTID],[Bedroom],[Furnished],[Bathroom],[Area],[CityID],[Date_added],[Availabilty]) VALUES(241,35,73906913,1,5,'Yes',2,'-37.93536, 23.87143',17,'11/09/2019','No'),(242,35,74433906,3,9,'Yes',2,'59.32062, -160.30142',37,'11/04/2020','No'),(243,53,48910101,3,8,'Yes',7,'23.24119, 155.87772',38,'05/20/2020','No'),(244,26,96748859,2,3,'Yes',5,'-24.54769, 66.84022',33,'07/28/2019','No'),(245,2,48577284,2,8,'No',5,'-44.4914, -129.6606',13,'02/14/2020','Yes'),(246,49,80962802,1,9,'Yes',4,'-64.19244, -63.18461',50,'10/07/2020','No'),(247,70,29762763,2,9,'Yes',5,'77.5174, -88.95571',38,'05/04/2020','No'),(248,79,18825481,3,9,'Yes',6,'-6.75059, -31.3493',12,'12/12/2020','Yes'),(249,8,73757520,2,2,'Yes',5,'-53.33864, -110.6825',34,'04/22/2020','No'),(250,51,47603092,1,9,'No',6,'-58.11216, -79.63458',19,'06/19/2020','No');
INSERT INTO PropertyMaster([PropertyID],[ClientID],[Total_value],[PTID],[Bedroom],[Furnished],[Bathroom],[Area],[CityID],[Date_added],[Availabilty]) VALUES(251,20,35000592,3,1,'No',4,'62.93733, -169.0778',46,'01/17/2020','No'),(252,76,62337714,3,2,'No',5,'13.34431, -140.94141',43,'09/29/2019','Yes'),(253,29,21618783,1,6,'Yes',6,'84.4498, 32.73019',16,'04/18/2019','No'),(254,46,14967627,3,3,'No',2,'-28.86777, -169.85999',14,'11/18/2019','No'),(255,93,87102623,1,5,'No',2,'45.77599, -150.15184',2,'01/14/2019','No'),(256,8,24302152,1,4,'No',4,'84.91196, -99.57344',27,'01/25/2020','No'),(257,72,83957626,2,4,'No',7,'48.24944, 19.08919',50,'05/05/2020','No'),(258,53,15030625,3,7,'Yes',2,'-24.82316, -154.0381',35,'10/07/2020','Yes'),(259,89,32771117,3,2,'Yes',1,'49.12138, 32.9387',22,'01/30/2020','Yes'),(260,72,51151386,3,8,'No',6,'54.45996, -96.37922',5,'06/04/2020','No');
INSERT INTO PropertyMaster([PropertyID],[ClientID],[Total_value],[PTID],[Bedroom],[Furnished],[Bathroom],[Area],[CityID],[Date_added],[Availabilty]) VALUES(261,64,97915971,2,9,'Yes',4,'-4.60286, -20.73657',24,'08/04/2019','Yes'),(262,93,28497108,3,6,'Yes',1,'47.51331, 42.10052',5,'08/15/2020','Yes'),(263,85,40127945,3,3,'Yes',5,'-78.58634, -92.12093',7,'11/19/2020','Yes'),(264,44,45587887,2,6,'Yes',7,'-10.40022, -80.55653',13,'05/28/2020','No'),(265,16,54852855,1,2,'Yes',3,'-79.23941, 51.61492',29,'06/19/2020','Yes'),(266,55,24543078,2,7,'Yes',1,'-81.05866, 144.69573',31,'01/20/2020','Yes'),(267,61,21388089,3,7,'No',5,'71.5648, 84.10945',25,'03/30/2020','No'),(268,76,91291333,2,3,'Yes',3,'81.97091, -2.76091',15,'01/30/2019','No'),(269,52,61301724,3,4,'Yes',6,'9.88621, -150.669',50,'02/28/2019','Yes'),(270,91,35720203,3,4,'No',6,'60.62875, 170.60076',19,'12/12/2019','Yes');
INSERT INTO PropertyMaster([PropertyID],[ClientID],[Total_value],[PTID],[Bedroom],[Furnished],[Bathroom],[Area],[CityID],[Date_added],[Availabilty]) VALUES(271,28,80032979,3,1,'No',2,'-24.377, -161.73997',33,'01/06/2019','No'),(272,55,10314858,2,3,'No',5,'11.51876, 122.43304',7,'06/20/2019','No'),(273,74,92044652,1,5,'Yes',7,'-59.28428, 130.14367',27,'11/19/2020','No'),(274,66,12159763,1,5,'No',6,'-82.28705, -134.29527',33,'11/14/2020','Yes'),(275,34,68551258,2,1,'Yes',5,'34.67697, -93.42016',39,'09/23/2020','Yes'),(276,96,36260528,1,1,'Yes',3,'57.86017, -66.42047',33,'04/08/2020','Yes'),(277,35,19927185,3,6,'No',5,'-56.45068, 178.07129',43,'11/20/2019','Yes'),(278,43,83440299,3,1,'No',5,'-27.40575, -7.27635',13,'06/29/2019','No'),(279,7,52778376,2,7,'No',1,'-34.32382, 0.5047',39,'03/12/2019','Yes'),(280,16,44144595,1,4,'Yes',3,'47.415, -2.02427',3,'08/22/2020','No');
INSERT INTO PropertyMaster([PropertyID],[ClientID],[Total_value],[PTID],[Bedroom],[Furnished],[Bathroom],[Area],[CityID],[Date_added],[Availabilty]) VALUES(281,49,41937689,3,6,'No',6,'-24.66774, -168.22966',22,'10/22/2020','No'),(282,17,78714034,2,3,'No',1,'-83.25741, -72.14085',41,'01/10/2019','Yes'),(283,76,31754654,1,2,'Yes',7,'-86.73206, -56.2003',16,'07/11/2020','Yes'),(284,70,47201814,3,9,'No',2,'-74.75045, -23.42865',42,'09/16/2020','Yes'),(285,4,91361686,2,7,'No',6,'60.72168, -38.44505',4,'10/20/2019','Yes'),(286,18,28070915,2,4,'No',2,'-9.64205, 29.17078',50,'01/15/2020','Yes'),(287,50,99001864,3,6,'Yes',1,'88.71811, -41.50977',2,'02/13/2019','Yes'),(288,33,71379392,2,2,'Yes',2,'25.09058, 35.35334',17,'08/29/2019','Yes'),(289,15,75074967,1,8,'No',5,'-7.19052, -131.65238',42,'01/19/2020','No'),(290,55,91296580,2,5,'No',3,'-82.31266, 124.54093',25,'01/13/2020','No');
INSERT INTO PropertyMaster([PropertyID],[ClientID],[Total_value],[PTID],[Bedroom],[Furnished],[Bathroom],[Area],[CityID],[Date_added],[Availabilty]) VALUES(291,90,22942351,2,8,'Yes',6,'5.83496, -70.70556',8,'06/09/2019','Yes'),(292,31,35611300,1,2,'No',2,'71.24639, 54.39043',11,'12/06/2019','No'),(293,70,44526361,3,3,'No',5,'-1.31361, 24.05246',29,'09/15/2019','Yes'),(294,81,55571724,3,2,'No',4,'-69.25848, 142.66387',29,'11/16/2019','No'),(295,80,14164924,2,9,'Yes',4,'-66.50325, -16.29746',41,'04/08/2019','Yes'),(296,4,54767625,3,4,'No',4,'57.28843, 47.24006',2,'06/22/2020','Yes'),(297,11,79196444,3,9,'Yes',2,'31.68585, -135.24802',40,'02/26/2020','No'),(298,76,76690597,2,7,'No',4,'3.20839, -133.54066',21,'03/08/2020','No'),(299,7,72554005,1,6,'Yes',6,'-64.90644, -20.28849',29,'04/30/2019','No'),(300,14,92685688,1,9,'Yes',2,'65.25733, 22.45869',33,'12/29/2019','Yes');

INSERT INTO PropertyMaster([PropertyID],[ClientID],[Total_value],[PTID],[Bedroom],[Furnished],[Bathroom],[Area],[CityID],[Date_added],[Availabilty]) VALUES(301,38,19012421,1,1,'No',5,'-26.84627, 18.12105',32,'02/17/2019','No'),(302,55,18107290,1,2,'Yes',2,'56.02338, -67.42977',9,'10/26/2020','No'),(303,84,89415918,1,9,'No',3,'14.5598, 27.97901',47,'09/07/2020','No'),(304,33,65232067,2,3,'Yes',4,'30.04821, 78.27208',11,'10/30/2020','Yes'),(305,36,87491752,2,5,'Yes',7,'49.66119, -132.32075',50,'08/16/2019','Yes'),(306,47,93644676,2,7,'No',4,'47.88551, -25.91736',12,'02/16/2019','Yes'),(307,90,49549699,3,5,'No',1,'76.73636, -168.24621',2,'02/03/2019','No'),(308,69,64429436,3,1,'No',1,'-73.56742, -140.28887',35,'09/12/2019','Yes'),(309,72,74895843,1,6,'Yes',2,'-87.83152, -67.80925',18,'10/25/2019','No'),(310,6,87224716,1,4,'Yes',2,'49.8252, -27.21848',19,'08/30/2019','Yes');
INSERT INTO PropertyMaster([PropertyID],[ClientID],[Total_value],[PTID],[Bedroom],[Furnished],[Bathroom],[Area],[CityID],[Date_added],[Availabilty]) VALUES(311,2,23670490,2,1,'Yes',3,'-70.26841, 137.68066',38,'06/09/2020','No'),(312,94,59438136,1,9,'Yes',4,'-49.5717, -46.88861',17,'01/27/2019','Yes'),(313,78,72243203,1,3,'Yes',3,'-0.94725, -10.18843',38,'07/04/2020','No'),(314,86,75404130,2,6,'No',1,'31.7283, -60.35427',14,'10/12/2020','Yes'),(315,61,25960750,3,2,'No',4,'11.05127, -125.02976',6,'05/31/2019','No'),(316,29,65224133,3,6,'No',3,'-67.04531, 138.80988',33,'06/01/2019','No'),(317,59,97141466,3,4,'Yes',2,'-58.2905, -27.27573',29,'07/07/2019','No'),(318,100,87070400,2,3,'Yes',7,'-78.51449, 80.29274',42,'02/14/2019','No'),(319,10,31659789,1,8,'No',3,'69.99857, 160.43385',41,'08/12/2019','No'),(320,76,64519049,2,1,'No',4,'43.46599, -147.69294',2,'02/22/2019','No');
INSERT INTO PropertyMaster([PropertyID],[ClientID],[Total_value],[PTID],[Bedroom],[Furnished],[Bathroom],[Area],[CityID],[Date_added],[Availabilty]) VALUES(321,41,80990642,3,7,'Yes',3,'-13.17063, -113.90995',23,'10/02/2020','Yes'),(322,33,38960119,1,9,'No',7,'33.15811, 45.5451',36,'02/05/2020','No'),(323,62,24663326,2,7,'No',2,'70.512, -175.94884',4,'05/09/2020','Yes'),(324,74,81159115,3,2,'Yes',5,'-63.67726, -25.15298',13,'03/05/2019','Yes'),(325,9,75411074,1,3,'Yes',7,'-54.40575, 39.30879',46,'10/16/2020','No'),(326,32,64964083,2,8,'No',7,'-64.64649, 62.25885',10,'06/10/2019','Yes'),(327,95,18844290,2,2,'No',3,'9.42741, -157.90619',36,'11/29/2019','No'),(328,54,33364538,3,4,'No',1,'-55.01082, -123.68752',19,'05/03/2020','Yes'),(329,84,68100055,2,2,'Yes',7,'78.07138, -5.48689',48,'12/30/2018','Yes'),(330,67,78372947,1,2,'No',4,'-13.87077, 72.26338',26,'05/09/2020','Yes');
INSERT INTO PropertyMaster([PropertyID],[ClientID],[Total_value],[PTID],[Bedroom],[Furnished],[Bathroom],[Area],[CityID],[Date_added],[Availabilty]) VALUES(331,76,42892694,3,3,'Yes',2,'56.25505, 70.75556',30,'02/01/2020','No'),(332,87,83761224,2,9,'No',6,'31.03221, 91.47943',16,'01/11/2020','No'),(333,52,27798192,1,8,'No',6,'31.34178, 58.4261',8,'06/16/2020','No'),(334,30,61593300,3,7,'No',6,'42.14529, 4.04927',23,'02/18/2020','No'),(335,7,40544684,3,5,'Yes',5,'-42.13146, -124.37116',45,'09/17/2019','No'),(336,87,33973130,3,1,'Yes',4,'-37.47101, -35.68908',28,'11/12/2020','No'),(337,52,78193293,1,3,'Yes',5,'86.51394, -124.33692',21,'02/12/2019','Yes'),(338,67,71416366,1,1,'No',5,'-71.81353, -149.31536',12,'07/07/2019','No'),(339,24,54950592,3,1,'No',4,'35.02706, -106.25695',8,'01/26/2019','No'),(340,77,32606695,1,4,'No',1,'86.07889, -168.54082',33,'06/11/2020','No');
INSERT INTO PropertyMaster([PropertyID],[ClientID],[Total_value],[PTID],[Bedroom],[Furnished],[Bathroom],[Area],[CityID],[Date_added],[Availabilty]) VALUES(341,54,47247658,1,4,'No',3,'-10.77913, -126.76242',19,'12/17/2019','Yes'),(342,96,25921825,3,9,'No',1,'-42.26238, -69.25599',25,'09/15/2020','No'),(343,39,60894418,2,1,'No',7,'31.28371, -101.51611',24,'10/20/2020','No'),(344,85,48867007,3,2,'No',7,'-46.65184, 37.56842',20,'04/18/2020','Yes'),(345,10,16749041,2,2,'No',7,'-66.4607, -162.05654',27,'01/11/2019','Yes'),(346,82,21987403,3,8,'No',6,'-64.57016, 3.68285',29,'11/13/2019','No'),(347,57,69011961,1,9,'No',3,'-53.82355, 13.78088',36,'10/09/2019','Yes'),(348,98,77371182,2,4,'Yes',3,'-78.88245, 75.08434',25,'06/02/2019','Yes'),(349,47,70838836,2,2,'Yes',2,'73.85046, 6.2636',19,'09/25/2020','No'),(350,78,10470864,1,5,'Yes',1,'-54.5579, -106.72773',15,'12/12/2020','Yes');
INSERT INTO PropertyMaster([PropertyID],[ClientID],[Total_value],[PTID],[Bedroom],[Furnished],[Bathroom],[Area],[CityID],[Date_added],[Availabilty]) VALUES(351,6,85913365,2,9,'No',2,'-12.25412, -132.93228',37,'10/31/2019','No'),(352,51,71968375,1,4,'No',7,'-56.84767, -76.03905',17,'11/26/2020','Yes'),(353,21,29293233,3,3,'Yes',7,'-25.79888, 126.67118',40,'07/18/2020','Yes'),(354,35,47198667,1,2,'Yes',6,'-67.29166, 136.73767',20,'12/02/2020','Yes'),(355,19,69741354,1,7,'Yes',4,'28.15482, 104.85979',40,'09/22/2020','Yes'),(356,71,96928152,2,7,'Yes',6,'-85.45052, -78.90488',22,'12/25/2018','No'),(357,10,72742465,1,9,'No',6,'47.6974, -78.84955',4,'06/25/2020','Yes'),(358,66,60208606,2,1,'No',2,'85.52395, 85.42454',5,'07/14/2020','No'),(359,29,85896777,3,7,'No',3,'11.70152, 47.83771',2,'05/27/2019','Yes'),(360,3,21655377,1,8,'No',3,'-40.71417, -85.64381',28,'05/26/2020','Yes');
INSERT INTO PropertyMaster([PropertyID],[ClientID],[Total_value],[PTID],[Bedroom],[Furnished],[Bathroom],[Area],[CityID],[Date_added],[Availabilty]) VALUES(361,70,91388503,1,9,'Yes',5,'-67.65008, 24.79309',5,'08/24/2019','Yes'),(362,67,28574074,3,1,'No',7,'17.98071, -85.3612',21,'11/09/2020','Yes'),(363,78,32721993,1,3,'No',7,'16.75341, 97.40964',39,'07/23/2019','No'),(364,78,19616817,1,1,'No',5,'-46.35864, 37.11724',15,'08/12/2019','No'),(365,52,23431057,3,8,'Yes',1,'-30.44219, -113.22629',15,'06/30/2019','No'),(366,6,92117164,1,9,'No',5,'74.41042, 134.3412',26,'10/26/2019','No'),(367,58,24137983,3,1,'No',5,'-3.44574, 83.04306',29,'05/18/2020','Yes'),(368,59,61717156,2,4,'Yes',1,'78.56553, 152.11623',33,'03/22/2020','Yes'),(369,14,36272162,2,2,'Yes',5,'-78.6481, -146.34252',23,'11/16/2020','Yes'),(370,76,49205610,1,9,'No',4,'-59.38108, -35.03882',18,'10/14/2020','No');
INSERT INTO PropertyMaster([PropertyID],[ClientID],[Total_value],[PTID],[Bedroom],[Furnished],[Bathroom],[Area],[CityID],[Date_added],[Availabilty]) VALUES(371,82,14180437,1,5,'No',3,'-29.18614, 172.61421',33,'12/08/2019','Yes'),(372,84,78958388,3,6,'No',7,'-48.1865, 170.66671',49,'12/21/2019','No'),(373,41,58337673,3,7,'Yes',1,'-54.12798, -36.50974',26,'12/27/2018','Yes'),(374,97,83994002,2,7,'Yes',1,'0.73784, -63.20247',4,'01/06/2020','No'),(375,52,29565413,1,1,'No',3,'-4.74426, 15.292',24,'02/22/2020','No'),(376,88,66537152,3,9,'No',7,'-31.05924, -66.40842',13,'05/23/2020','Yes'),(377,30,97593229,1,7,'No',1,'-84.77732, -170.51485',48,'01/04/2020','No'),(378,100,33829753,1,6,'Yes',4,'-29.7407, -86.77128',22,'03/19/2020','Yes'),(379,76,57446630,1,6,'Yes',4,'62.82809, 138.29439',40,'03/22/2019','No'),(380,36,18791619,3,3,'Yes',4,'44.33621, -52.11688',45,'10/29/2019','Yes');
INSERT INTO PropertyMaster([PropertyID],[ClientID],[Total_value],[PTID],[Bedroom],[Furnished],[Bathroom],[Area],[CityID],[Date_added],[Availabilty]) VALUES(381,35,84083030,2,7,'Yes',1,'-53.09306, -144.7288',39,'07/27/2020','Yes'),(382,38,85346142,1,8,'Yes',4,'68.36089, 66.01894',36,'02/13/2020','No'),(383,84,62758385,2,2,'No',4,'-57.59589, -109.32197',20,'07/17/2020','Yes'),(384,6,50670330,2,3,'Yes',4,'51.19945, -175.37105',35,'01/03/2020','Yes'),(385,67,51761216,1,6,'Yes',6,'-26.34906, 111.75841',47,'12/28/2019','Yes'),(386,87,72192500,2,6,'Yes',2,'-15.42434, 125.94558',46,'06/12/2019','Yes'),(387,20,63084229,1,4,'No',2,'6.2432, 14.8705',28,'07/15/2020','No'),(388,5,49997296,3,8,'No',7,'-36.21441, -160.01317',46,'09/30/2020','No'),(389,40,48205487,3,3,'No',5,'-49.19003, -52.46415',50,'05/26/2020','Yes'),(390,74,32007368,2,3,'Yes',6,'73.19211, 11.5209',31,'06/13/2019','No');
INSERT INTO PropertyMaster([PropertyID],[ClientID],[Total_value],[PTID],[Bedroom],[Furnished],[Bathroom],[Area],[CityID],[Date_added],[Availabilty]) VALUES(391,90,20829801,2,1,'Yes',5,'-8.25497, -148.71883',44,'12/30/2019','No'),(392,7,20813065,1,8,'Yes',4,'-5.33359, -20.35907',18,'10/02/2019','Yes'),(393,76,59584743,2,1,'Yes',4,'55.92691, 71.43019',24,'06/05/2020','No'),(394,58,69322117,1,1,'Yes',5,'56.70933, 62.55777',22,'11/08/2020','No'),(395,15,94744059,1,7,'No',5,'-24.7657, -49.91551',16,'01/09/2020','Yes'),(396,59,84703410,1,3,'Yes',3,'38.19162, -112.84434',27,'08/08/2019','Yes'),(397,67,61825061,2,3,'No',2,'-32.11617, -19.77807',46,'03/11/2019','Yes'),(398,26,34381041,1,7,'Yes',7,'24.91731, 69.99584',32,'03/14/2019','Yes'),(399,17,22472847,1,4,'Yes',4,'70.37516, 74.19049',50,'12/01/2019','Yes'),(400,60,15472853,2,7,'Yes',6,'-25.69847, -116.61066',3,'10/13/2020','Yes');

INSERT INTO PropertyMaster([PropertyID],[ClientID],[Total_value],[PTID],[Bedroom],[Furnished],[Bathroom],[Area],[CityID],[Date_added],[Availabilty]) VALUES(401,17,69135150,3,2,'Yes',3,'-89.81932, -117.2879',34,'01/31/2020','No'),(402,51,14585006,2,1,'Yes',1,'10.00403, 14.95598',36,'12/19/2018','Yes'),(403,70,41046494,2,9,'Yes',5,'23.06544, 169.04903',16,'12/24/2019','No'),(404,74,22413202,1,5,'Yes',1,'20.7296, -167.46087',14,'08/21/2020','No'),(405,34,38902810,3,8,'Yes',3,'4.62137, 129.13847',37,'11/03/2020','No'),(406,48,48675182,2,7,'Yes',5,'43.28041, -14.73057',36,'11/08/2019','Yes'),(407,80,64222401,1,6,'No',7,'-73.24756, 134.23819',45,'03/06/2019','Yes'),(408,32,61089216,2,1,'No',3,'34.15715, 144.55383',21,'04/30/2020','Yes'),(409,48,38555838,2,1,'No',2,'26.07905, -60.82256',6,'01/21/2020','Yes'),(410,93,34642135,1,9,'No',3,'-40.31014, 47.58502',19,'12/18/2020','No');
INSERT INTO PropertyMaster([PropertyID],[ClientID],[Total_value],[PTID],[Bedroom],[Furnished],[Bathroom],[Area],[CityID],[Date_added],[Availabilty]) VALUES(411,50,68472251,3,5,'No',6,'-79.01726, 42.01208',45,'09/26/2020','Yes'),(412,47,90665317,3,2,'Yes',7,'21.72019, 29.41496',35,'01/06/2019','Yes'),(413,16,53063378,3,4,'No',3,'-35.26131, -60.61211',15,'04/09/2020','Yes'),(414,49,13716291,2,9,'No',6,'63.79665, -104.68506',19,'10/08/2020','No'),(415,33,23526592,1,6,'Yes',6,'27.48572, -103.99591',38,'02/17/2019','No'),(416,87,33438040,1,3,'Yes',5,'74.81988, -175.62827',39,'09/11/2019','Yes'),(417,83,45862816,1,4,'Yes',6,'-74.18313, 119.4132',4,'01/08/2019','Yes'),(418,53,52530062,3,2,'No',5,'48.43057, -148.44732',4,'09/23/2019','No'),(419,61,73186448,1,5,'Yes',6,'-53.31083, -111.42657',44,'02/28/2019','Yes'),(420,45,65680822,2,3,'Yes',1,'-85.87011, -12.84472',36,'04/24/2019','No');
INSERT INTO PropertyMaster([PropertyID],[ClientID],[Total_value],[PTID],[Bedroom],[Furnished],[Bathroom],[Area],[CityID],[Date_added],[Availabilty]) VALUES(421,86,35740177,2,4,'Yes',4,'-39.68377, 126.08112',29,'02/10/2019','No'),(422,67,71976136,3,3,'Yes',4,'-79.22371, 58.47707',12,'01/24/2019','Yes'),(423,83,26440003,1,5,'No',4,'89.99818, 57.52597',36,'01/26/2019','Yes'),(424,18,18359278,1,3,'Yes',5,'47.35154, 139.01718',39,'03/19/2019','Yes'),(425,58,24864496,1,9,'Yes',2,'73.79171, 159.1648',16,'10/07/2020','No'),(426,48,49311607,1,5,'No',7,'-21.29149, 134.84536',11,'09/08/2020','No'),(427,41,87927922,2,5,'Yes',2,'58.88511, 99.36814',42,'09/06/2020','Yes'),(428,21,48503559,1,5,'Yes',6,'48.75311, 48.23022',32,'04/05/2019','Yes'),(429,17,22472285,1,4,'Yes',6,'-59.30288, 66.3674',3,'10/26/2019','Yes'),(430,35,30618672,1,9,'Yes',5,'64.74295, -14.15728',25,'12/03/2019','Yes');
INSERT INTO PropertyMaster([PropertyID],[ClientID],[Total_value],[PTID],[Bedroom],[Furnished],[Bathroom],[Area],[CityID],[Date_added],[Availabilty]) VALUES(431,47,27300069,1,9,'Yes',2,'-56.84936, -29.28027',34,'04/28/2019','Yes'),(432,24,35065312,2,6,'Yes',7,'7.54672, -73.66366',41,'04/29/2020','Yes'),(433,91,55149443,2,9,'No',5,'-70.44643, 112.89675',3,'03/16/2020','Yes'),(434,66,51847868,1,9,'No',7,'42.53659, 58.6492',36,'02/07/2020','Yes'),(435,57,89955644,3,7,'No',4,'10.52429, -175.39642',42,'03/02/2020','No'),(436,36,54405567,2,4,'Yes',3,'18.84507, 39.73571',38,'11/21/2020','No'),(437,22,88584106,2,1,'No',5,'45.0219, -76.95562',7,'11/07/2019','No'),(438,97,13922448,3,4,'No',2,'80.54026, 8.55736',40,'05/03/2019','No'),(439,68,78033298,2,2,'Yes',6,'27.79196, -48.06071',5,'07/06/2019','No'),(440,1,38476590,1,7,'Yes',7,'-18.31883, -71.73548',16,'12/19/2019','No');
INSERT INTO PropertyMaster([PropertyID],[ClientID],[Total_value],[PTID],[Bedroom],[Furnished],[Bathroom],[Area],[CityID],[Date_added],[Availabilty]) VALUES(441,90,21758504,1,9,'Yes',6,'-66.52677, 179.07646',23,'11/03/2019','No'),(442,22,19752410,3,9,'No',4,'59.96907, -60.10048',12,'04/17/2019','Yes'),(443,57,13055666,3,2,'No',5,'-64.06449, -114.50049',41,'02/14/2019','No'),(444,2,23347461,2,1,'Yes',3,'16.12596, -16.55779',10,'04/26/2019','Yes'),(445,77,75382505,2,3,'No',4,'-13.33506, 90.57003',14,'02/25/2020','Yes'),(446,93,31404975,3,2,'No',2,'-56.25695, -13.5963',48,'11/24/2020','No'),(447,54,60900103,2,7,'Yes',7,'14.82144, 74.5064',6,'09/20/2019','Yes'),(448,3,40970228,3,9,'No',3,'32.39738, 153.53697',13,'04/26/2019','Yes'),(449,44,73772938,2,7,'Yes',1,'48.77967, 172.4554',38,'07/25/2020','No'),(450,65,39069249,1,4,'Yes',1,'3.19876, -115.2962',32,'09/23/2020','Yes');
INSERT INTO PropertyMaster([PropertyID],[ClientID],[Total_value],[PTID],[Bedroom],[Furnished],[Bathroom],[Area],[CityID],[Date_added],[Availabilty]) VALUES(451,10,59198165,2,2,'No',3,'-81.35682, -119.04977',11,'12/02/2020','Yes'),(452,73,79206739,1,3,'Yes',3,'-16.87742, 150.38387',20,'07/01/2020','No'),(453,6,78977312,3,3,'Yes',2,'36.60944, -111.5558',5,'09/07/2019','Yes'),(454,9,13516235,2,1,'No',4,'-65.7667, -135.37866',10,'06/19/2020','Yes'),(455,12,14805566,2,5,'No',4,'-76.93202, -49.69755',13,'02/04/2020','Yes'),(456,67,69441873,1,6,'No',6,'21.21497, 29.6612',11,'03/25/2019','No'),(457,54,86436765,1,3,'Yes',2,'12.31025, -149.4777',25,'05/10/2020','No'),(458,78,36181175,3,1,'No',7,'48.2476, -110.38104',23,'10/26/2020','Yes'),(459,61,29253394,1,2,'No',3,'56.83627, 21.49127',22,'12/22/2018','No'),(460,53,89141124,3,5,'No',5,'27.7568, -127.41641',31,'08/09/2019','Yes');
INSERT INTO PropertyMaster([PropertyID],[ClientID],[Total_value],[PTID],[Bedroom],[Furnished],[Bathroom],[Area],[CityID],[Date_added],[Availabilty]) VALUES(461,68,37014537,2,4,'No',3,'17.70933, -76.40119',36,'06/13/2020','No'),(462,23,43517197,2,9,'No',7,'25.43491, -27.29371',11,'05/05/2019','Yes'),(463,19,94092671,1,1,'No',2,'-27.14766, 117.28314',18,'10/05/2019','Yes'),(464,17,60122725,3,4,'No',5,'-51.01492, -151.6074',39,'10/04/2019','Yes'),(465,33,97654661,2,3,'Yes',4,'80.28999, -99.61735',34,'12/05/2020','Yes'),(466,59,62293926,2,9,'Yes',5,'12.01779, -55.71534',21,'11/08/2020','Yes'),(467,26,90765876,3,9,'No',1,'-2.67621, 0.80726',17,'11/29/2019','Yes'),(468,88,39032610,1,6,'No',5,'70.36826, -35.81798',40,'01/30/2020','No'),(469,28,47790061,3,9,'Yes',5,'72.67771, 28.76948',10,'04/08/2020','No'),(470,36,47460936,3,2,'No',1,'-82.78062, 16.98763',8,'07/28/2020','Yes');
INSERT INTO PropertyMaster([PropertyID],[ClientID],[Total_value],[PTID],[Bedroom],[Furnished],[Bathroom],[Area],[CityID],[Date_added],[Availabilty]) VALUES(471,1,78816702,3,5,'Yes',5,'-35.38275, -31.47553',44,'02/05/2020','Yes'),(472,23,23893172,2,8,'Yes',5,'85.48119, 64.2225',44,'12/13/2020','Yes'),(473,32,35724314,2,5,'Yes',5,'-46.08736, -19.09065',21,'04/12/2019','No'),(474,93,66962426,2,2,'Yes',1,'82.79476, 72.22026',39,'01/07/2020','Yes'),(475,44,70815842,1,9,'No',6,'28.64402, 3.92148',17,'01/25/2019','Yes'),(476,13,46569274,3,7,'No',7,'-89.13277, 31.10565',31,'10/26/2020','Yes'),(477,44,13400774,2,8,'No',5,'-60.64127, 21.19546',41,'08/14/2019','Yes'),(478,5,79750278,1,6,'No',4,'24.82807, 43.54497',6,'07/17/2019','No'),(479,50,75343928,3,9,'No',7,'76.68411, 38.43853',8,'08/30/2020','No'),(480,71,63803708,3,1,'Yes',5,'-77.27407, -44.68112',34,'10/27/2020','No');
INSERT INTO PropertyMaster([PropertyID],[ClientID],[Total_value],[PTID],[Bedroom],[Furnished],[Bathroom],[Area],[CityID],[Date_added],[Availabilty]) VALUES(481,5,83544244,1,9,'Yes',1,'-74.20819, 162.53266',32,'12/30/2019','Yes'),(482,2,58642942,3,9,'Yes',1,'-55.95985, 10.9312',27,'06/21/2020','No'),(483,62,22103142,2,6,'No',7,'-65.22621, 134.72519',10,'02/18/2019','Yes'),(484,59,51808944,1,3,'No',7,'-37.5928, 128.81222',37,'06/03/2019','Yes'),(485,2,44551855,2,8,'Yes',7,'76.18622, 54.36694',17,'10/04/2020','Yes'),(486,73,44677818,1,8,'No',7,'68.68147, 41.98006',37,'01/15/2020','Yes'),(487,8,82047765,1,6,'Yes',5,'82.22789, -35.73433',44,'04/28/2019','Yes'),(488,55,72018068,3,3,'No',5,'5.20163, -49.98344',25,'12/01/2020','No'),(489,93,20042774,3,8,'Yes',6,'-65.27881, 66.64713',33,'04/24/2020','Yes'),(490,8,21655720,3,1,'No',7,'-6.60088, -41.96833',8,'09/11/2020','Yes');
INSERT INTO PropertyMaster([PropertyID],[ClientID],[Total_value],[PTID],[Bedroom],[Furnished],[Bathroom],[Area],[CityID],[Date_added],[Availabilty]) VALUES(491,52,85574128,3,6,'Yes',2,'-6.62243, 98.96045',30,'06/09/2019','No'),(492,74,66196653,3,1,'Yes',5,'-9.80516, 82.88245',25,'10/17/2020','No'),(493,60,76672281,1,4,'Yes',5,'64.98454, -29.13208',37,'07/23/2019','Yes'),(494,62,85294769,1,9,'No',5,'-83.20433, 100.62005',5,'04/10/2020','No'),(495,32,34577716,3,6,'Yes',5,'44.9365, 31.50632',45,'03/28/2020','No'),(496,29,20693482,2,8,'No',6,'-35.86715, -4.30086',34,'11/18/2019','No'),(497,55,21710878,1,6,'Yes',2,'-22.81161, -45.27472',5,'11/18/2019','No'),(498,26,72552839,3,8,'No',2,'-62.38973, -16.89508',35,'07/25/2019','Yes'),(499,79,66256923,1,5,'No',1,'-20.48119, -95.07434',48,'03/15/2019','Yes'),(500,47,29585416,3,7,'No',5,'-51.37354, 49.54213',39,'05/03/2019','No');

INSERT INTO PropertyMaster([PropertyID],[ClientID],[Total_value],[PTID],[Bedroom],[Furnished],[Bathroom],[Area],[CityID],[Date_added],[Availabilty]) VALUES(501,28,67410052,2,1,'Yes',3,'-83.43964, -76.34419',45,'06/27/2019','No'),(502,6,51623158,1,5,'Yes',4,'-68.5114, -36.46464',3,'03/15/2019','No'),(503,39,31575404,3,5,'Yes',1,'34.96566, -133.90204',11,'06/18/2020','Yes'),(504,33,42664426,3,9,'No',5,'57.11641, -10.53392',42,'04/30/2020','Yes'),(505,96,66708025,1,1,'No',4,'64.08435, 162.13416',31,'11/27/2020','Yes'),(506,44,25920814,3,8,'Yes',3,'-20.94198, 114.73014',40,'07/11/2020','Yes'),(507,48,41088044,2,7,'Yes',2,'51.13411, -111.27994',41,'10/08/2020','No'),(508,17,31014608,2,8,'Yes',4,'-46.72838, 8.34984',20,'12/08/2020','Yes'),(509,10,51134821,3,3,'Yes',6,'83.01835, -165.36702',32,'11/06/2019','No'),(510,21,89142976,1,2,'No',4,'31.40194, 78.85897',17,'06/22/2019','Yes');
INSERT INTO PropertyMaster([PropertyID],[ClientID],[Total_value],[PTID],[Bedroom],[Furnished],[Bathroom],[Area],[CityID],[Date_added],[Availabilty]) VALUES(511,1,34528041,3,2,'No',2,'27.57342, 25.60776',32,'01/22/2019','No'),(512,28,23089452,2,7,'No',3,'-64.18129, 39.18474',10,'08/30/2020','No'),(513,75,41694689,2,7,'Yes',2,'67.08603, -97.46009',37,'06/29/2020','Yes'),(514,86,66956367,1,9,'Yes',6,'25.68953, -8.0023',15,'08/02/2019','No'),(515,85,21848096,1,2,'No',4,'6.66125, -85.92947',38,'09/20/2020','No'),(516,77,80313464,3,5,'No',2,'-19.99357, -115.1941',33,'05/31/2020','Yes'),(517,24,93329613,2,8,'No',5,'26.13359, 116.03651',44,'07/05/2019','Yes'),(518,5,27136897,3,6,'Yes',4,'39.71785, 80.80314',27,'01/31/2020','No'),(519,33,14883332,3,3,'Yes',4,'49.59804, 108.97181',48,'11/12/2019','Yes'),(520,49,70436152,3,9,'No',4,'77.34068, -116.6167',42,'05/28/2019','Yes');
INSERT INTO PropertyMaster([PropertyID],[ClientID],[Total_value],[PTID],[Bedroom],[Furnished],[Bathroom],[Area],[CityID],[Date_added],[Availabilty]) VALUES(521,36,25418263,1,6,'Yes',7,'44.19125, 18.46665',43,'01/26/2019','Yes'),(522,72,63763447,2,2,'Yes',3,'-13.60906, 77.75249',9,'11/26/2019','No'),(523,66,13615175,3,2,'No',2,'44.06704, 7.22034',47,'07/24/2020','No'),(524,61,63237076,3,7,'No',5,'-14.95427, -106.0667',10,'05/30/2020','Yes'),(525,18,87149497,2,4,'No',2,'84.08832, -83.45741',19,'09/22/2020','No'),(526,7,95059842,1,5,'Yes',1,'-82.5727, 98.74359',4,'08/15/2020','Yes'),(527,83,11288901,2,1,'Yes',5,'8.78745, 145.89791',24,'10/02/2020','Yes'),(528,51,35027816,3,5,'Yes',7,'-89.53811, 111.58686',21,'11/21/2020','Yes'),(529,59,98966997,3,2,'No',3,'8.15281, -102.21185',27,'05/28/2019','Yes'),(530,69,30968606,2,8,'Yes',5,'49.51846, -23.98692',45,'08/13/2020','No');
INSERT INTO PropertyMaster([PropertyID],[ClientID],[Total_value],[PTID],[Bedroom],[Furnished],[Bathroom],[Area],[CityID],[Date_added],[Availabilty]) VALUES(531,93,57654053,2,1,'No',7,'-21.5781, 115.91933',2,'12/23/2018','Yes'),(532,64,10417638,2,8,'No',1,'37.13979, -63.83251',8,'10/07/2019','No'),(533,91,99634122,1,5,'Yes',2,'-37.78605, 67.79093',13,'07/17/2019','No'),(534,8,67863278,3,9,'Yes',2,'46.01519, 158.52683',43,'10/01/2019','No'),(535,49,62114735,2,5,'Yes',3,'-32.76039, 166.5462',45,'01/25/2019','No'),(536,91,89426957,2,5,'Yes',1,'24.76823, 148.31515',14,'11/08/2019','No'),(537,85,67768954,1,3,'No',5,'-42.3695, 171.78522',7,'11/23/2019','Yes'),(538,5,82639232,1,8,'No',4,'-37.71443, 47.07992',12,'04/18/2019','No'),(539,14,90495655,3,9,'No',1,'17.55064, 6.07269',43,'01/03/2020','No'),(540,96,47515771,1,3,'No',6,'-6.73934, 170.26199',10,'08/03/2020','No');
INSERT INTO PropertyMaster([PropertyID],[ClientID],[Total_value],[PTID],[Bedroom],[Furnished],[Bathroom],[Area],[CityID],[Date_added],[Availabilty]) VALUES(541,49,61569925,1,4,'Yes',1,'-31.35748, 115.10365',21,'11/12/2020','No'),(542,94,89365135,3,5,'Yes',6,'64.52225, 172.85244',15,'01/03/2019','Yes'),(543,66,80107404,3,3,'Yes',6,'-22.1538, -116.86111',44,'07/25/2019','No'),(544,5,19217491,1,3,'Yes',1,'-68.97175, -132.01257',16,'12/08/2020','Yes'),(545,57,38039198,1,5,'No',6,'15.38341, -48.10063',50,'04/10/2019','No'),(546,32,89142398,3,9,'No',4,'-15.34476, -65.72907',39,'05/05/2020','No'),(547,12,88400735,3,8,'No',6,'-61.72382, 31.19994',7,'12/24/2019','No'),(548,15,69034710,1,3,'No',6,'-16.75812, -31.3053',18,'02/26/2019','No'),(549,27,97619899,3,3,'Yes',3,'30.31763, -90.82081',15,'01/26/2019','No'),(550,9,21481548,1,5,'Yes',1,'20.79334, -58.50558',24,'03/29/2019','No');
INSERT INTO PropertyMaster([PropertyID],[ClientID],[Total_value],[PTID],[Bedroom],[Furnished],[Bathroom],[Area],[CityID],[Date_added],[Availabilty]) VALUES(551,96,79209435,2,1,'Yes',3,'-20.82149, -157.28367',40,'06/06/2019','Yes'),(552,81,43012954,3,3,'No',1,'11.7967, -50.79345',36,'07/15/2020','Yes'),(553,94,13167108,2,9,'Yes',1,'-17.25955, -113.11924',16,'11/29/2020','Yes'),(554,9,17859537,2,3,'Yes',2,'-83.29471, 160.40179',14,'11/29/2020','No'),(555,85,92204547,2,7,'Yes',7,'32.12785, -43.27335',6,'08/27/2020','No'),(556,85,32640539,3,9,'Yes',2,'71.58084, 107.32686',42,'02/28/2019','No'),(557,90,65889353,2,2,'No',2,'67.24409, 133.41145',22,'11/01/2019','No'),(558,7,17521665,1,8,'No',2,'-63.73618, 121.82157',23,'03/10/2019','No'),(559,46,75519837,3,7,'Yes',2,'-13.6482, 6.39299',9,'08/31/2020','Yes'),(560,75,63074206,2,8,'No',1,'-71.21127, -90.05495',1,'07/07/2020','No');
INSERT INTO PropertyMaster([PropertyID],[ClientID],[Total_value],[PTID],[Bedroom],[Furnished],[Bathroom],[Area],[CityID],[Date_added],[Availabilty]) VALUES(561,65,45130402,1,6,'Yes',3,'77.56099, 54.49279',46,'10/27/2020','Yes'),(562,15,82775291,1,5,'No',4,'64.54538, 32.49312',44,'10/11/2020','No'),(563,11,71839446,2,7,'No',4,'83.63974, 69.15364',46,'07/30/2020','No'),(564,82,15123735,1,7,'No',6,'13.10486, 32.87966',38,'12/07/2019','Yes'),(565,8,88447798,2,9,'Yes',4,'-14.51334, 69.60092',4,'03/31/2019','No'),(566,35,55230640,3,5,'No',3,'4.68519, -144.93423',20,'05/20/2020','Yes'),(567,97,90723349,1,6,'Yes',2,'26.94854, 147.80212',21,'03/13/2020','Yes'),(568,91,87636193,2,8,'No',3,'-65.87337, 68.20015',20,'06/19/2020','No'),(569,20,88467580,2,4,'Yes',1,'6.22414, 97.08891',20,'08/22/2019','Yes'),(570,41,86764627,1,5,'No',4,'21.27422, -40.76026',35,'09/27/2019','No');
INSERT INTO PropertyMaster([PropertyID],[ClientID],[Total_value],[PTID],[Bedroom],[Furnished],[Bathroom],[Area],[CityID],[Date_added],[Availabilty]) VALUES(571,65,92903196,2,6,'No',7,'-45.30719, -36.21297',48,'03/11/2020','No'),(572,34,88646272,1,5,'No',7,'-73.52625, 80.4656',11,'03/18/2019','No'),(573,30,17357053,1,1,'No',1,'84.40589, -35.07736',25,'09/26/2020','Yes'),(574,30,87069375,3,6,'Yes',2,'-75.95037, 41.47928',43,'06/22/2019','No'),(575,43,21040481,2,1,'Yes',4,'-24.63804, -115.47321',47,'07/12/2019','Yes'),(576,91,27792612,3,9,'Yes',7,'-15.10184, 106.12993',43,'08/29/2019','Yes'),(577,48,92837856,2,2,'Yes',2,'-40.90421, 164.22385',7,'09/28/2019','Yes'),(578,5,73448916,1,8,'No',3,'6.496, -18.72332',48,'01/26/2019','No'),(579,62,74455545,1,4,'No',2,'58.21677, 53.66408',11,'11/28/2020','No'),(580,66,15632985,2,3,'No',1,'-15.27969, 106.78831',48,'04/17/2020','Yes');
INSERT INTO PropertyMaster([PropertyID],[ClientID],[Total_value],[PTID],[Bedroom],[Furnished],[Bathroom],[Area],[CityID],[Date_added],[Availabilty]) VALUES(581,57,29785775,3,3,'No',5,'-14.59438, 120.29711',32,'11/08/2019','No'),(582,41,19250168,1,7,'Yes',6,'-60.5598, 32.724',32,'10/04/2020','Yes'),(583,66,76469234,3,8,'No',6,'32.41024, -122.69694',19,'01/26/2020','Yes'),(584,67,40837803,3,8,'No',6,'15.85237, -165.14576',27,'01/17/2020','Yes'),(585,28,83329117,3,6,'Yes',5,'-22.11547, 82.28883',9,'10/01/2020','Yes'),(586,36,92284755,3,2,'Yes',2,'-40.98708, -3.48645',32,'05/27/2019','No'),(587,52,83958517,1,8,'Yes',7,'-3.14229, -91.51592',28,'06/02/2019','Yes'),(588,17,64874466,1,9,'Yes',6,'26.32046, -155.57252',46,'08/27/2019','Yes'),(589,39,28662658,2,1,'Yes',5,'65.28451, 122.12499',32,'03/25/2019','Yes'),(590,49,15180429,3,9,'No',3,'68.66556, 69.63483',31,'06/14/2019','Yes');
INSERT INTO PropertyMaster([PropertyID],[ClientID],[Total_value],[PTID],[Bedroom],[Furnished],[Bathroom],[Area],[CityID],[Date_added],[Availabilty]) VALUES(591,33,33288274,2,1,'Yes',1,'72.14768, -82.76129',2,'02/15/2019','Yes'),(592,53,27304977,3,7,'Yes',1,'-70.63561, -113.4283',45,'07/27/2020','No'),(593,85,41380878,1,8,'Yes',5,'-79.91277, -53.62646',22,'09/23/2020','No'),(594,37,95060323,3,4,'Yes',6,'-69.21004, -130.67082',9,'10/10/2020','Yes'),(595,50,52210737,3,2,'Yes',1,'46.57324, 171.57982',4,'09/18/2020','Yes'),(596,32,30975866,2,3,'Yes',5,'89.12519, 100.11716',3,'08/25/2019','No'),(597,3,27399181,1,1,'No',7,'26.06198, -131.46105',20,'02/11/2020','Yes'),(598,92,60187816,3,7,'Yes',7,'-88.1341, -42.21336',23,'05/17/2019','No'),(599,30,25608645,3,1,'No',5,'48.20234, 33.93363',6,'09/14/2019','No'),(600,30,87143744,2,3,'Yes',1,'-25.16212, -75.69564',24,'01/23/2020','Yes');

Update PropertyMaster set Status = 'Sale' Where PropertyID between 1 and 300

Update PropertyMaster set Status = 'Rent' Where PropertyID between 301 and 600


INSERT INTO Agents([AgentID],[Agent_name],[CityID],[Agent_cnic],[Address],[ContactNO]) VALUES(1,'Denton Riddle',35,'16500417 0055','P.O. Box 821, 3085 Ante, Rd.',638103105),(2,'Kalia Chapman',6,'16071015 5193','8085 Nunc St.',303700703),(3,'Lee Larson',2,'16391022 4470','P.O. Box 729, 9477 Sed Rd.',911289955),(4,'Troy Lester',21,'16980625 7011','P.O. Box 694, 2666 Mauris Ave',624886930),(5,'Cain Tyler',3,'16320810 2180','P.O. Box 187, 9566 Dictum Ave',842239570),(6,'Galvin Leon',21,'16350129 1425','Ap #373-9489 Pharetra, Av.',621997472),(7,'Macey Leach',10,'16941114 8340','924-8233 Justo Rd.',572680371),(8,'Reagan Haley',32,'16380711 0519','Ap #842-1952 Pede. Road',529585971),(9,'Orson Walls',7,'16890323 1655','1718 Eleifend Rd.',113072686),(10,'Heather Justice',24,'16140114 9834','Ap #880-9251 Sed St.',385576666);
INSERT INTO Agents([AgentID],[Agent_name],[CityID],[Agent_cnic],[Address],[ContactNO]) VALUES(11,'Adara Heath',3,'16851214 7102','Ap #519-1248 Aenean Av.',754870431),(12,'Zenia Mercer',13,'16851001 5103','Ap #365-1944 Placerat, Road',892407046),(13,'Deacon Wilson',46,'16550307 2315','8746 Quis, Rd.',492334406),(14,'Rhonda Snow',38,'16770708 5952','Ap #779-1683 Sodales Avenue',750225732),(15,'Garrett Wall',25,'16930509 1648','Ap #770-8641 Nam St.',966133285),(16,'Berk Slater',44,'16170606 5479','838-6428 Ullamcorper. Ave',226905778),(17,'Joshua Farrell',16,'16420617 9253','695-1835 Lectus. St.',454791361),(18,'Marcia Goodman',4,'16231122 2794','P.O. Box 751, 6520 Et, St.',761952828),(19,'Melinda Harrington',38,'16120107 3408','7591 A Road',619468137),(20,'Emma Hatfield',21,'16280108 8960','Ap #654-9751 Dolor Street',650595281);
INSERT INTO Agents([AgentID],[Agent_name],[CityID],[Agent_cnic],[Address],[ContactNO]) VALUES(21,'Leah Payne',40,'16120215 3365','987-6438 Lorem Street',920448931),(22,'Kermit Paul',8,'16381124 1862','984-9069 Sed Avenue',558613356),(23,'Gwendolyn Harrison',48,'16770916 8772','346-1099 Tristique Ave',715158878),(24,'Iona Hess',12,'16840313 5877','636-138 Vitae, St.',339716535),(25,'Phoebe Schroeder',32,'16831028 7951','3365 Facilisis Av.',191401417),(26,'Hu Marsh',8,'16720323 3940','941-3404 Dolor. Av.',500924493),(27,'Lael Zimmerman',10,'16420810 6296','Ap #953-8726 Turpis. Ave',112074962),(28,'Ann Cline',13,'16471211 4372','3918 Aliquet Av.',710371672),(29,'Brooke Gallagher',37,'16940714 3461','P.O. Box 717, 3452 Ultrices Rd.',641034468),(30,'Holly Singleton',3,'16500509 6648','8999 Tempor Road',189425551);
INSERT INTO Agents([AgentID],[Agent_name],[CityID],[Agent_cnic],[Address],[ContactNO]) VALUES(31,'Elvis Brennan',33,'16131206 3595','P.O. Box 889, 2067 Nec Rd.',160470844),(32,'Salvador Obrien',20,'16861012 7188','P.O. Box 114, 4631 Phasellus Avenue',19283651),(33,'Maya Pittman',12,'16521109 9832','Ap #168-9282 Lacus. Avenue',38163332),(34,'Colin Gardner',10,'16751130 7022','P.O. Box 905, 9307 At, St.',970941095),(35,'Charles Carpenter',29,'16200329 7666','6980 Consectetuer, Avenue',639039099),(36,'Lane Burton',24,'16430425 7316','1032 Ut St.',649625086),(37,'Deborah Ball',33,'16180306 5679','Ap #363-3708 Sed Av.',834476903),(38,'Signe Hanson',45,'16930624 3958','P.O. Box 250, 7730 Enim Avenue',544573750),(39,'Bevis Fuller',15,'16851116 5360','Ap #893-5015 Vehicula. Street',933582518),(40,'Joel Peters',1,'16740816 6184','P.O. Box 248, 9151 Et Street',41506619);
INSERT INTO Agents([AgentID],[Agent_name],[CityID],[Agent_cnic],[Address],[ContactNO]) VALUES(41,'Hunter Santiago',30,'16510203 5960','575-9412 Arcu. Rd.',576952677),(42,'Flynn Miles',10,'16780120 4806','P.O. Box 218, 9333 Pede, Rd.',508470815),(43,'Emily Bishop',39,'16970516 0407','Ap #203-3843 Sed St.',830234796),(44,'Brendan Stokes',38,'16810529 1390','Ap #815-8375 Sodales. Av.',637330859),(45,'Cairo Ellison',48,'16990321 4998','5350 At Avenue',412768289),(46,'Phoebe Riley',29,'16720919 1613','P.O. Box 628, 6501 Augue Rd.',595324147),(47,'Gavin Kirkland',28,'16530405 1351','1088 Dui, Rd.',850393787),(48,'Kameko Kirby',44,'16560122 3828','673-2791 Ornare Street',570132216),(49,'Hayfa King',5,'16260716 0187','998-7957 Ligula. Street',747534678),(50,'Alan Reid',41,'16770215 0496','939-8448 Faucibus Avenue',751285904);
INSERT INTO Agents([AgentID],[Agent_name],[CityID],[Agent_cnic],[Address],[ContactNO]) VALUES(51,'Evan Hess',3,'16940716 0150','864-4653 Metus. Ave',138662618),(52,'Regan Ball',23,'16100313 3194','Ap #899-3645 Vel St.',764261069),(53,'Neville Moss',29,'16730819 1761','P.O. Box 569, 8163 Nunc Av.',56023969),(54,'Abraham Whitfield',26,'16850828 1287','863-9737 Euismod Rd.',995669956),(55,'Althea Kaufman',7,'16640907 4330','Ap #477-9511 Vulputate Street',252505114),(56,'Malcolm Pennington',33,'16571130 4013','2397 Placerat. Rd.',364753382),(57,'Macey Dennis',31,'16780510 2691','Ap #114-8449 Mauris. Avenue',58883629),(58,'Laith Wise',27,'16480407 4492','693-1875 Sit Rd.',547677597),(59,'Indira Carney',47,'16030916 7393','4161 Vel, Rd.',832673988),(60,'Channing Carr',32,'16720612 1829','941-5157 Vel Avenue',923680831);
INSERT INTO Agents([AgentID],[Agent_name],[CityID],[Agent_cnic],[Address],[ContactNO]) VALUES(61,'Signe Frazier',42,'16320511 1010','Ap #590-7798 Vestibulum Ave',896899712),(62,'Zachery Sandoval',32,'16410117 3369','324-7049 Amet Ave',955691095),(63,'Wyoming Lynn',2,'16700409 8120','P.O. Box 414, 7614 Nullam St.',531113598),(64,'Aphrodite Bolton',24,'16080324 4706','8590 Convallis, St.',528601062),(65,'Bryar Bailey',38,'16980529 1177','413-322 Interdum Av.',855867195),(66,'Jaquelyn Joseph',39,'16341128 4411','183-1897 Dis Av.',870246667),(67,'Kim Cannon',33,'16060927 3149','829-4981 Ornare Avenue',83664485),(68,'Patience Boyer',6,'16051113 1542','9453 Mollis Av.',211570832),(69,'Samuel Mercer',35,'16991104 1342','996-1152 Donec Rd.',704533217),(70,'Sheila Houston',16,'16150325 4623','Ap #527-3594 Phasellus Rd.',233934798);
INSERT INTO Agents([AgentID],[Agent_name],[CityID],[Agent_cnic],[Address],[ContactNO]) VALUES(71,'Myra Jacobson',4,'16500106 9557','417-1187 Enim Ave',130610462),(72,'Nicholas Hansen',27,'16640305 0807','1676 Egestas Road',564693975),(73,'Mikayla Best',19,'16151004 4744','P.O. Box 996, 6673 Taciti St.',634548862),(74,'Aimee Rogers',44,'16170813 2186','P.O. Box 884, 3772 Primis St.',760929272),(75,'Elijah Farmer',45,'16030926 5254','616-438 Feugiat Street',868007488),(76,'Arsenio Rodriquez',41,'16531219 9754','636-4857 Dui Road',249501407),(77,'Camille Hayden',41,'16990804 4697','Ap #963-8033 Lacinia Rd.',420571842),(78,'Barrett Wheeler',45,'16501206 7541','949-6641 Faucibus Av.',570178752),(79,'Blythe Bush',7,'16351212 2262','4732 Natoque St.',68664857),(80,'Rose Maldonado',6,'16360409 7489','2909 Volutpat. St.',888350391);
INSERT INTO Agents([AgentID],[Agent_name],[CityID],[Agent_cnic],[Address],[ContactNO]) VALUES(81,'Zachary Larson',42,'16371206 6020','Ap #955-5733 Blandit Rd.',214677534),(82,'Michelle Bolton',27,'16250715 0544','P.O. Box 186, 5422 At Avenue',359563438),(83,'Cheryl Coleman',25,'16860727 6949','Ap #267-4296 Sodales Road',746944982),(84,'Xanthus Chase',43,'16881015 7688','127-1170 Donec Rd.',478147907),(85,'Kennedy Ramos',36,'16790123 2764','Ap #345-4793 Rutrum Street',963146120),(86,'Quemby Rice',25,'16700121 4399','3635 Ornare, Av.',233766639),(87,'Jelani Mcclain',42,'16511210 0812','Ap #525-484 Penatibus Ave',713534665),(88,'Orlando Cobb',13,'16290911 4387','3108 Eu Rd.',101088802),(89,'Ferdinand Bryant',19,'16410602 5390','5955 Dis Rd.',511082630),(90,'Nita Hernandez',6,'16290421 3747','P.O. Box 164, 4720 Aenean Road',897198276);
INSERT INTO Agents([AgentID],[Agent_name],[CityID],[Agent_cnic],[Address],[ContactNO]) VALUES(91,'Steven Kinney',45,'16020626 1828','Ap #259-5445 Rhoncus. Ave',840957125),(92,'Jescie Mitchell',42,'16861122 1493','886-3619 Tellus Rd.',509511554),(93,'Jonah Cook',26,'16490922 2418','812-7664 Dapibus Rd.',687581951),(94,'Mechelle Douglas',5,'16061019 7337','6764 Ornare, Street',660850609),(95,'Charlotte Craft',20,'16511223 2144','Ap #291-5870 Ultrices Road',509242293),(96,'Brian Mccall',38,'16291111 8889','P.O. Box 746, 3284 Eleifend Street',626636198),(97,'Fallon Stevens',39,'16060101 4590','9161 Sed Rd.',710990080),(98,'Salvador Berger',12,'16141126 8640','Ap #714-2148 Mauris Av.',728694463),(99,'Imelda Whitaker',3,'16730215 6315','Ap #384-4013 Mauris Av.',425324491),(100,'Jesse Short',7,'16960803 0681','P.O. Box 598, 1758 Laoreet St.',585512847);


INSERT INTO BookingMaster([BookingID],[PropertyID],[OwnerID],[CityID],[AgentID],[Agreement_date],[Agreement_end]) VALUES(1,45,5,9,41,'21/01/2018','09/06/2019'),(2,100,47,5,31,'18/03/2018','02/09/2020'),(3,192,72,50,38,'01/04/2017','05/13/2020'),(4,33,69,3,45,'29/12/2017','09/16/2020'),(5,162,58,4,7,'10/10/2018','07/21/2019'),(6,60,54,38,39,'01/01/2018','01/07/2020'),(7,226,51,14,77,'02/10/2018','03/17/2019'),(8,36,7,41,28,'14/09/2018','02/12/2020'),(9,167,59,47,96,'09/02/2018','05/02/2020'),(10,236,77,6,18,'31/01/2018','06/26/2020');
INSERT INTO BookingMaster([BookingID],[PropertyID],[OwnerID],[CityID],[AgentID],[Agreement_date],[Agreement_end]) VALUES(11,94,27,5,25,'19/05/2017','03/08/2020'),(12,192,23,38,33,'06/06/2018','07/12/2019'),(13,256,70,8,40,'19/08/2018','04/03/2020'),(14,85,29,50,63,'10/01/2018','06/05/2019'),(15,203,81,33,38,'22/08/2017','07/16/2019'),(16,234,37,13,72,'14/12/2016','01/09/2019'),(17,136,42,25,48,'27/03/2017','01/23/2019'),(18,144,7,42,73,'12/05/2018','06/07/2020'),(19,258,93,13,18,'28/04/2018','09/27/2020'),(20,8,40,46,82,'27/03/2017','07/22/2019');
INSERT INTO BookingMaster([BookingID],[PropertyID],[OwnerID],[CityID],[AgentID],[Agreement_date],[Agreement_end]) VALUES(21,20,58,41,39,'08/12/2016','03/20/2019'),(22,241,36,3,90,'30/03/2017','11/08/2019'),(23,102,84,20,43,'23/08/2018','12/08/2020'),(24,201,90,50,1,'29/08/2018','01/24/2020'),(25,158,52,20,100,'07/01/2017','04/01/2020'),(26,127,11,42,91,'19/03/2017','01/24/2020'),(27,82,64,23,18,'14/09/2017','09/19/2019'),(28,267,64,16,6,'04/11/2018','04/22/2020'),(29,126,54,35,38,'14/11/2018','03/03/2020'),(30,49,83,50,29,'07/09/2017','07/30/2019');
INSERT INTO BookingMaster([BookingID],[PropertyID],[OwnerID],[CityID],[AgentID],[Agreement_date],[Agreement_end]) VALUES(31,223,33,1,86,'13/01/2017','12/11/2020'),(32,224,52,19,61,'18/06/2018','11/14/2020'),(33,147,87,46,48,'09/02/2017','10/10/2019'),(34,236,17,49,37,'16/03/2018','05/30/2019'),(35,195,66,36,24,'07/12/2016','02/26/2020'),(36,100,76,17,25,'30/01/2017','05/09/2019'),(37,113,18,2,5,'24/04/2018','03/13/2020'),(38,48,92,30,93,'06/06/2017','09/09/2019'),(39,4,44,7,83,'23/07/2018','08/31/2019'),(40,82,99,33,84,'07/10/2017','08/03/2020');
INSERT INTO BookingMaster([BookingID],[PropertyID],[OwnerID],[CityID],[AgentID],[Agreement_date],[Agreement_end]) VALUES(41,286,84,32,49,'01/12/2016','11/28/2019'),(42,112,44,29,82,'02/04/2017','05/03/2019'),(43,166,72,40,90,'08/03/2017','02/15/2019'),(44,252,44,36,85,'12/09/2017','12/19/2020'),(45,84,90,48,43,'18/01/2017','06/25/2019'),(46,239,89,27,14,'09/05/2017','06/28/2020'),(47,84,65,29,88,'07/11/2018','06/25/2020'),(48,173,64,42,18,'03/09/2017','09/24/2020'),(49,208,13,30,98,'12/11/2017','07/02/2020'),(50,34,75,14,30,'24/10/2018','05/03/2019');
INSERT INTO BookingMaster([BookingID],[PropertyID],[OwnerID],[CityID],[AgentID],[Agreement_date],[Agreement_end]) VALUES(51,28,8,11,88,'02/12/2018','06/08/2019'),(52,71,90,12,85,'25/01/2017','08/08/2020'),(53,189,14,18,87,'27/09/2018','09/19/2020'),(54,62,72,30,2,'21/05/2017','02/02/2020'),(55,26,56,42,88,'23/12/2016','09/15/2019'),(56,9,24,45,12,'03/09/2017','05/15/2020'),(57,72,75,43,35,'28/06/2017','01/25/2019'),(58,26,25,6,74,'15/02/2018','01/03/2020'),(59,77,42,27,88,'09/07/2017','04/11/2020'),(60,275,45,19,89,'06/06/2018','12/11/2020');
INSERT INTO BookingMaster([BookingID],[PropertyID],[OwnerID],[CityID],[AgentID],[Agreement_date],[Agreement_end]) VALUES(61,165,22,13,12,'07/02/2017','10/17/2020'),(62,248,26,42,18,'18/08/2018','02/25/2019'),(63,86,24,4,89,'10/01/2018','03/08/2020'),(64,96,64,43,48,'19/01/2017','06/04/2019'),(65,285,91,49,18,'07/11/2018','07/29/2020'),(66,177,48,20,60,'29/01/2018','04/25/2020'),(67,203,45,14,68,'01/11/2017','06/11/2020'),(68,111,35,7,38,'08/12/2016','09/26/2020'),(69,213,78,14,21,'22/01/2017','11/20/2020'),(70,267,50,25,26,'10/11/2018','03/08/2020');
INSERT INTO BookingMaster([BookingID],[PropertyID],[OwnerID],[CityID],[AgentID],[Agreement_date],[Agreement_end]) VALUES(71,112,79,43,75,'13/07/2017','10/03/2020'),(72,230,38,14,85,'19/07/2018','11/17/2020'),(73,114,24,41,54,'16/06/2018','03/30/2020'),(74,102,68,13,52,'21/09/2018','10/10/2020'),(75,210,18,21,29,'05/05/2018','08/27/2019'),(76,283,36,24,74,'22/10/2017','10/04/2019'),(77,222,76,18,6,'15/02/2018','11/16/2019'),(78,54,76,16,60,'24/08/2017','04/05/2020'),(79,209,87,45,57,'14/02/2017','06/17/2020'),(80,159,51,39,84,'30/07/2018','12/23/2018');
INSERT INTO BookingMaster([BookingID],[PropertyID],[OwnerID],[CityID],[AgentID],[Agreement_date],[Agreement_end]) VALUES(81,253,99,39,10,'18/08/2018','11/25/2019'),(82,182,40,32,87,'15/07/2018','06/18/2020'),(83,241,24,16,39,'14/01/2018','09/12/2020'),(84,51,63,40,21,'22/05/2017','12/10/2019'),(85,294,83,9,2,'25/06/2018','04/21/2020'),(86,239,59,1,71,'15/05/2018','03/23/2019'),(87,244,19,40,28,'18/10/2017','10/23/2020'),(88,100,55,25,86,'23/10/2017','02/23/2020'),(89,121,49,34,74,'20/01/2017','03/25/2020'),(90,47,80,37,53,'06/07/2018','12/21/2019');
INSERT INTO BookingMaster([BookingID],[PropertyID],[OwnerID],[CityID],[AgentID],[Agreement_date],[Agreement_end]) VALUES(91,193,19,6,49,'14/05/2017','01/25/2020'),(92,114,25,40,65,'23/10/2017','10/10/2020'),(93,202,15,11,19,'15/02/2018','02/04/2020'),(94,100,17,8,44,'04/05/2018','07/11/2019'),(95,6,31,29,76,'24/07/2018','06/17/2020'),(96,56,82,28,11,'01/12/2016','03/07/2019'),(97,214,14,20,81,'18/05/2018','09/08/2019'),(98,271,94,20,56,'25/03/2018','05/27/2020'),(99,206,100,35,4,'01/07/2017','03/31/2019'),(100,175,20,13,69,'03/08/2017','06/02/2019');

INSERT INTO BookingMaster([BookingID],[PropertyID],[OwnerID],[CityID],[AgentID],[Agreement_date],[Agreement_end]) VALUES(101,105,67,15,74,'03/26/2017','01/26/2020'),(102,232,61,22,59,'09/02/2018','07/10/2020'),(103,168,48,48,88,'04/12/2017','12/19/2020'),(104,21,50,26,10,'06/23/2017','12/14/2020'),(105,230,31,33,13,'03/29/2017','05/19/2020'),(106,247,44,48,9,'11/22/2017','04/30/2020'),(107,51,29,14,60,'05/19/2018','04/18/2020'),(108,88,62,21,29,'08/15/2018','04/09/2019'),(109,36,64,5,93,'10/30/2017','10/18/2019'),(110,157,67,3,85,'11/03/2018','04/11/2020');
INSERT INTO BookingMaster([BookingID],[PropertyID],[OwnerID],[CityID],[AgentID],[Agreement_date],[Agreement_end]) VALUES(111,231,74,8,47,'05/01/2018','03/07/2019'),(112,207,82,36,60,'07/19/2018','04/28/2020'),(113,16,78,36,91,'06/28/2017','03/17/2019'),(114,1,11,3,7,'10/30/2017','08/08/2019'),(115,207,57,45,90,'04/29/2017','01/27/2019'),(116,50,6,29,17,'06/17/2017','12/06/2019'),(117,182,94,33,89,'12/11/2016','12/07/2020'),(118,148,5,12,6,'11/19/2017','05/10/2020'),(119,114,57,12,54,'11/25/2018','07/25/2019'),(120,196,90,37,37,'11/16/2018','01/29/2019');
INSERT INTO BookingMaster([BookingID],[PropertyID],[OwnerID],[CityID],[AgentID],[Agreement_date],[Agreement_end]) VALUES(121,182,24,29,15,'04/30/2018','10/23/2019'),(122,251,18,43,13,'06/08/2018','02/25/2020'),(123,263,86,39,19,'07/08/2018','06/02/2020'),(124,120,54,27,82,'07/07/2017','12/14/2019'),(125,264,35,22,29,'07/08/2017','11/19/2020'),(126,197,23,9,20,'05/19/2017','10/27/2020'),(127,212,27,46,13,'09/22/2017','12/21/2018'),(128,183,22,5,52,'01/30/2018','04/06/2020'),(129,181,66,4,94,'09/21/2018','03/20/2019'),(130,274,2,43,14,'05/24/2017','08/29/2020');
INSERT INTO BookingMaster([BookingID],[PropertyID],[OwnerID],[CityID],[AgentID],[Agreement_date],[Agreement_end]) VALUES(131,87,37,5,44,'08/06/2017','07/27/2019'),(132,16,69,13,20,'02/16/2017','03/26/2019'),(133,8,2,29,69,'03/18/2017','11/08/2019'),(134,162,68,15,39,'12/23/2017','09/25/2020'),(135,97,21,31,40,'04/02/2017','10/29/2019'),(136,77,40,12,79,'05/01/2017','11/30/2020'),(137,175,50,43,79,'09/15/2018','03/14/2019'),(138,166,16,44,30,'12/23/2016','12/25/2019'),(139,101,37,26,83,'02/11/2017','02/03/2019'),(140,237,48,36,8,'08/01/2017','03/16/2020');
INSERT INTO BookingMaster([BookingID],[PropertyID],[OwnerID],[CityID],[AgentID],[Agreement_date],[Agreement_end]) VALUES(141,26,60,10,11,'04/13/2017','03/19/2020'),(142,209,77,20,7,'07/11/2018','04/02/2020'),(143,294,53,23,5,'04/13/2017','01/12/2020'),(144,164,20,45,75,'02/21/2018','12/14/2020'),(145,162,23,36,57,'07/27/2017','02/05/2020'),(146,166,65,27,51,'05/21/2018','11/14/2019'),(147,165,86,6,38,'10/05/2018','01/09/2020'),(148,208,79,17,52,'04/21/2018','11/12/2019'),(149,289,94,37,14,'12/23/2017','11/07/2019'),(150,127,33,35,97,'02/10/2017','03/17/2019');
INSERT INTO BookingMaster([BookingID],[PropertyID],[OwnerID],[CityID],[AgentID],[Agreement_date],[Agreement_end]) VALUES(151,30,27,24,86,'11/10/2017','08/23/2019'),(152,263,98,19,38,'04/10/2018','09/12/2020'),(153,252,31,36,43,'05/11/2017','09/23/2020'),(154,37,63,37,55,'11/05/2017','03/28/2020'),(155,247,53,3,74,'05/02/2017','07/25/2019'),(156,244,52,4,9,'09/12/2018','02/24/2020'),(157,179,89,19,42,'12/16/2017','12/26/2019'),(158,94,98,9,87,'12/18/2017','08/05/2020'),(159,238,89,39,53,'08/22/2018','02/17/2019'),(160,100,82,30,52,'09/29/2017','05/01/2020');
INSERT INTO BookingMaster([BookingID],[PropertyID],[OwnerID],[CityID],[AgentID],[Agreement_date],[Agreement_end]) VALUES(161,264,4,32,88,'12/27/2016','12/09/2019'),(162,144,22,38,6,'12/05/2017','08/27/2020'),(163,141,55,34,87,'10/16/2017','08/20/2019'),(164,165,30,15,50,'01/30/2018','02/03/2019'),(165,74,34,46,37,'10/13/2017','10/03/2019'),(166,15,50,42,11,'05/03/2017','05/31/2019'),(167,179,44,23,14,'08/30/2017','08/11/2019'),(168,151,90,14,26,'07/23/2017','07/02/2019'),(169,222,31,13,20,'02/01/2017','04/21/2020'),(170,47,67,39,27,'05/26/2017','09/12/2020');
INSERT INTO BookingMaster([BookingID],[PropertyID],[OwnerID],[CityID],[AgentID],[Agreement_date],[Agreement_end]) VALUES(171,21,67,48,71,'11/28/2017','05/15/2019'),(172,100,18,20,80,'03/24/2017','01/14/2019'),(173,123,50,10,88,'12/15/2016','07/02/2019'),(174,56,21,41,53,'04/25/2017','04/27/2020'),(175,4,52,2,17,'10/13/2018','10/16/2020'),(176,49,45,18,26,'06/09/2018','10/19/2019'),(177,166,92,38,95,'02/20/2017','02/01/2020'),(178,23,20,13,100,'04/15/2018','06/08/2019'),(179,110,27,48,47,'04/27/2017','04/02/2019'),(180,137,77,36,34,'06/19/2017','10/16/2019');
INSERT INTO BookingMaster([BookingID],[PropertyID],[OwnerID],[CityID],[AgentID],[Agreement_date],[Agreement_end]) VALUES(181,159,67,9,23,'07/17/2018','12/27/2019'),(182,66,30,7,86,'01/25/2017','02/01/2019'),(183,232,9,3,80,'02/13/2017','12/19/2019'),(184,75,44,27,19,'06/12/2017','08/07/2019'),(185,274,22,19,2,'05/13/2018','07/27/2019'),(186,164,15,13,59,'05/22/2018','02/21/2020'),(187,255,83,50,3,'03/22/2017','04/10/2020'),(188,202,95,3,72,'10/23/2018','06/19/2019'),(189,44,71,9,17,'05/01/2018','12/08/2020'),(190,297,29,25,41,'01/27/2017','08/28/2019');
INSERT INTO BookingMaster([BookingID],[PropertyID],[OwnerID],[CityID],[AgentID],[Agreement_date],[Agreement_end]) VALUES(191,114,40,29,89,'04/18/2018','03/08/2020'),(192,6,56,46,26,'05/28/2018','07/01/2019'),(193,61,91,21,17,'05/30/2018','12/27/2018'),(194,63,18,27,64,'09/17/2017','08/02/2019'),(195,119,91,12,64,'02/25/2017','03/17/2020'),(196,244,68,2,74,'07/17/2017','05/07/2020'),(197,191,19,6,48,'09/13/2017','10/24/2020'),(198,25,74,27,78,'06/28/2017','10/11/2020'),(199,71,97,18,72,'08/19/2017','04/09/2019'),(200,40,46,18,87,'01/06/2017','09/14/2020');

INSERT INTO BookingMaster([BookingID],[PropertyID],[OwnerID],[CityID],[AgentID],[Agreement_date],[Agreement_end]) VALUES(201,63,49,34,82,'06/15/2017','04/21/2020'),(202,244,58,34,48,'05/19/2018','08/18/2020'),(203,63,46,16,65,'01/14/2018','12/14/2020'),(204,229,90,27,49,'07/26/2017','09/02/2020'),(205,286,23,4,96,'06/28/2018','05/22/2020'),(206,229,19,2,48,'11/09/2017','06/27/2019'),(207,37,24,4,87,'06/18/2017','11/25/2019'),(208,156,5,28,34,'04/08/2017','02/15/2019'),(209,228,87,25,29,'03/19/2017','01/02/2019'),(210,257,58,17,40,'12/02/2018','11/02/2019');
INSERT INTO BookingMaster([BookingID],[PropertyID],[OwnerID],[CityID],[AgentID],[Agreement_date],[Agreement_end]) VALUES(211,66,69,23,6,'08/31/2018','02/22/2020'),(212,128,42,39,99,'02/17/2017','11/29/2020'),(213,116,67,20,70,'10/23/2017','12/03/2020'),(214,134,56,23,36,'11/18/2017','04/30/2020'),(215,189,99,8,92,'11/13/2018','05/10/2019'),(216,225,69,45,8,'05/17/2018','03/30/2019'),(217,55,93,30,48,'10/11/2018','11/22/2020'),(218,93,39,26,53,'11/14/2017','09/15/2019'),(219,86,53,13,18,'12/19/2016','04/25/2019'),(220,276,97,12,15,'05/22/2018','07/27/2020');
INSERT INTO BookingMaster([BookingID],[PropertyID],[OwnerID],[CityID],[AgentID],[Agreement_date],[Agreement_end]) VALUES(221,51,47,15,70,'05/02/2018','03/16/2020'),(222,230,21,26,79,'12/17/2016','06/15/2019'),(223,248,33,36,23,'05/05/2017','04/29/2019'),(224,151,44,33,58,'07/08/2018','07/03/2020'),(225,300,83,25,96,'09/01/2018','04/29/2020'),(226,33,35,17,9,'07/30/2018','11/16/2020'),(227,123,71,18,95,'07/17/2017','08/13/2019'),(228,72,100,34,14,'06/05/2017','12/22/2018'),(229,39,33,46,29,'08/12/2018','10/03/2020'),(230,250,64,34,66,'10/20/2017','01/04/2019');
INSERT INTO BookingMaster([BookingID],[PropertyID],[OwnerID],[CityID],[AgentID],[Agreement_date],[Agreement_end]) VALUES(231,117,96,42,12,'02/18/2017','07/18/2019'),(232,273,77,48,76,'11/14/2017','06/25/2019'),(233,230,70,34,84,'11/19/2018','06/24/2020'),(234,216,20,36,40,'12/06/2017','07/27/2019'),(235,90,51,17,67,'01/15/2018','12/18/2020'),(236,281,64,5,96,'05/17/2018','03/13/2019'),(237,110,11,40,41,'03/25/2018','01/18/2020'),(238,222,70,49,65,'07/09/2017','05/11/2019'),(239,247,55,35,84,'04/24/2018','07/26/2019'),(240,153,81,31,67,'01/07/2017','11/26/2020');
INSERT INTO BookingMaster([BookingID],[PropertyID],[OwnerID],[CityID],[AgentID],[Agreement_date],[Agreement_end]) VALUES(241,275,30,35,10,'03/24/2017','12/06/2020'),(242,280,6,11,12,'02/16/2018','11/19/2020'),(243,18,2,50,7,'02/04/2018','01/22/2019'),(244,204,49,5,26,'01/27/2017','07/15/2019'),(245,32,21,21,19,'06/26/2018','05/11/2019'),(246,70,50,36,13,'02/19/2017','09/02/2019'),(247,3,37,20,48,'08/04/2018','05/24/2019'),(248,238,59,15,64,'08/09/2017','05/14/2020'),(249,168,10,7,9,'02/04/2018','04/30/2019'),(250,140,36,11,2,'01/26/2017','05/23/2020');
INSERT INTO BookingMaster([BookingID],[PropertyID],[OwnerID],[CityID],[AgentID],[Agreement_date],[Agreement_end]) VALUES(251,297,16,23,84,'01/02/2017','03/27/2019'),(252,22,31,47,86,'06/05/2017','10/28/2020'),(253,143,56,10,96,'07/25/2017','11/05/2019'),(254,56,43,25,70,'05/09/2018','10/11/2020'),(255,293,77,42,17,'04/26/2018','03/04/2019'),(256,26,12,13,56,'04/18/2018','10/05/2019'),(257,143,80,41,4,'07/19/2017','03/07/2020'),(258,207,97,34,40,'06/09/2018','07/06/2020'),(259,171,49,3,65,'03/30/2017','07/21/2020'),(260,51,4,39,92,'11/18/2018','06/05/2019');
INSERT INTO BookingMaster([BookingID],[PropertyID],[OwnerID],[CityID],[AgentID],[Agreement_date],[Agreement_end]) VALUES(261,39,70,10,47,'08/21/2018','04/01/2020'),(262,279,50,31,45,'02/02/2017','07/26/2020'),(263,278,85,38,69,'07/30/2017','10/20/2020'),(264,26,94,4,12,'10/01/2018','05/04/2020'),(265,50,33,4,19,'05/08/2017','01/26/2020'),(266,190,90,46,81,'03/12/2017','08/14/2020'),(267,284,4,39,18,'11/19/2017','09/22/2019'),(268,139,22,26,97,'02/06/2018','03/23/2019'),(269,111,38,16,77,'10/15/2018','06/23/2019'),(270,95,49,12,95,'04/04/2017','03/05/2019');
INSERT INTO BookingMaster([BookingID],[PropertyID],[OwnerID],[CityID],[AgentID],[Agreement_date],[Agreement_end]) VALUES(271,42,46,4,92,'09/16/2018','03/22/2020'),(272,137,37,6,73,'01/15/2018','08/07/2019'),(273,149,76,2,92,'06/25/2017','08/25/2020'),(274,175,22,22,71,'09/16/2018','01/01/2020'),(275,199,70,49,88,'09/29/2018','09/21/2019'),(276,99,38,35,9,'01/26/2018','11/15/2020'),(277,14,10,31,38,'12/20/2017','09/11/2019'),(278,245,17,9,100,'03/27/2017','05/18/2019'),(279,264,18,50,82,'06/19/2017','05/30/2019'),(280,225,77,33,25,'02/24/2017','04/24/2020');
INSERT INTO BookingMaster([BookingID],[PropertyID],[OwnerID],[CityID],[AgentID],[Agreement_date],[Agreement_end]) VALUES(281,91,100,22,43,'05/22/2017','02/11/2020'),(282,220,23,16,32,'09/03/2017','06/23/2020'),(283,29,98,9,91,'01/19/2018','05/14/2019'),(284,69,15,42,29,'02/21/2018','06/25/2019'),(285,259,33,24,47,'08/10/2017','07/24/2019'),(286,285,51,4,4,'02/17/2018','08/31/2020'),(287,225,44,33,24,'02/03/2017','03/15/2020'),(288,123,8,16,34,'08/19/2018','04/29/2020'),(289,137,2,18,71,'11/11/2017','09/29/2020'),(290,225,63,11,17,'06/27/2017','05/20/2020');
INSERT INTO BookingMaster([BookingID],[PropertyID],[OwnerID],[CityID],[AgentID],[Agreement_date],[Agreement_end]) VALUES(291,291,29,29,59,'07/03/2018','08/14/2020'),(292,64,21,17,66,'08/27/2017','08/03/2020'),(293,249,17,40,67,'01/27/2017','03/10/2020'),(294,193,83,32,4,'02/24/2018','04/30/2020'),(295,7,81,41,41,'12/18/2016','04/07/2020'),(296,149,6,16,77,'03/10/2018','07/15/2019'),(297,151,32,37,10,'03/17/2017','04/12/2020'),(298,6,96,29,95,'08/22/2018','08/21/2020'),(299,107,79,49,46,'06/27/2017','02/26/2019'),(300,206,54,14,88,'11/23/2018','09/06/2020');

INSERT INTO BookingMaster([BookingID],[PropertyID],[OwnerID],[CityID],[AgentID],[Agreement_date],[Agreement_end]) VALUES(301,270,85,35,19,'03/17/2017','04/16/2020'),(302,27,8,29,76,'10/13/2017','11/14/2020'),(303,65,58,22,78,'08/05/2018','12/25/2018'),(304,143,45,43,84,'07/25/2017','11/30/2020'),(305,94,83,36,57,'04/01/2017','03/03/2020'),(306,29,2,30,34,'05/25/2017','12/20/2019'),(307,256,37,16,7,'02/15/2018','02/26/2020'),(308,197,10,49,92,'07/07/2017','08/22/2019'),(309,166,92,36,24,'01/02/2017','11/13/2019'),(310,223,36,45,24,'08/03/2017','06/23/2019');
INSERT INTO BookingMaster([BookingID],[PropertyID],[OwnerID],[CityID],[AgentID],[Agreement_date],[Agreement_end]) VALUES(311,116,22,27,66,'12/26/2016','02/19/2020'),(312,87,98,4,2,'01/27/2017','11/11/2020'),(313,49,69,39,46,'09/02/2018','06/20/2020'),(314,276,43,15,78,'04/02/2017','04/04/2020'),(315,203,26,35,36,'06/26/2017','04/23/2020'),(316,276,82,35,83,'04/19/2018','05/08/2019'),(317,54,63,31,43,'01/27/2018','12/28/2019'),(318,25,68,29,35,'01/04/2017','01/03/2020'),(319,81,9,38,18,'10/10/2017','10/17/2019'),(320,10,89,27,25,'11/19/2018','10/16/2019');
INSERT INTO BookingMaster([BookingID],[PropertyID],[OwnerID],[CityID],[AgentID],[Agreement_date],[Agreement_end]) VALUES(321,21,95,20,57,'03/05/2018','02/11/2020'),(322,53,82,23,14,'04/10/2018','01/23/2019'),(323,272,85,35,13,'11/29/2017','10/20/2020'),(324,59,26,42,99,'01/26/2017','06/20/2019'),(325,233,33,13,95,'08/02/2017','11/06/2020'),(326,250,82,40,18,'10/04/2018','12/12/2020'),(327,205,35,25,64,'01/23/2017','09/21/2020'),(328,150,47,23,50,'10/18/2018','01/08/2019'),(329,20,50,40,96,'06/22/2018','12/27/2018'),(330,30,80,44,15,'05/16/2018','11/06/2020');
INSERT INTO BookingMaster([BookingID],[PropertyID],[OwnerID],[CityID],[AgentID],[Agreement_date],[Agreement_end]) VALUES(331,226,8,23,72,'01/06/2017','03/25/2019'),(332,148,11,4,52,'02/04/2017','05/02/2019'),(333,15,86,14,44,'06/21/2017','03/03/2019'),(334,141,63,41,17,'10/26/2017','11/27/2020'),(335,162,54,14,76,'04/30/2018','02/11/2019'),(336,94,71,10,36,'06/05/2018','07/19/2019'),(337,128,48,33,34,'09/11/2017','04/20/2020'),(338,245,95,48,62,'11/10/2017','09/12/2020'),(339,77,46,14,72,'07/14/2017','02/27/2020'),(340,279,7,37,7,'10/30/2017','12/28/2019');
INSERT INTO BookingMaster([BookingID],[PropertyID],[OwnerID],[CityID],[AgentID],[Agreement_date],[Agreement_end]) VALUES(341,112,86,13,1,'09/22/2018','02/04/2019'),(342,193,61,14,19,'01/21/2018','02/14/2020'),(343,206,57,20,87,'04/12/2018','07/06/2020'),(344,200,34,5,91,'03/25/2018','10/04/2019'),(345,50,90,14,13,'05/12/2018','02/17/2020'),(346,26,28,12,76,'11/11/2018','03/18/2019'),(347,213,75,36,26,'07/05/2018','01/06/2020'),(348,107,40,8,74,'05/03/2018','05/20/2019'),(349,40,10,27,16,'07/19/2017','05/16/2019'),(350,66,72,47,9,'06/16/2017','05/03/2019');
INSERT INTO BookingMaster([BookingID],[PropertyID],[OwnerID],[CityID],[AgentID],[Agreement_date],[Agreement_end]) VALUES(351,207,97,27,28,'09/07/2017','03/26/2019'),(352,143,53,37,27,'03/15/2018','12/28/2019'),(353,89,27,1,28,'01/06/2017','10/13/2020'),(354,82,88,17,56,'06/29/2018','05/10/2020'),(355,289,61,19,27,'06/05/2018','10/27/2020'),(356,168,72,8,79,'05/20/2018','07/22/2019'),(357,54,28,27,70,'11/06/2018','12/13/2019'),(358,76,6,46,84,'04/27/2018','08/09/2020'),(359,63,15,29,59,'01/17/2017','02/19/2019'),(360,237,71,40,30,'04/22/2018','01/18/2020');
INSERT INTO BookingMaster([BookingID],[PropertyID],[OwnerID],[CityID],[AgentID],[Agreement_date],[Agreement_end]) VALUES(361,53,17,4,28,'06/21/2018','09/03/2019'),(362,92,30,21,47,'12/27/2016','05/24/2020'),(363,205,99,44,46,'01/15/2017','10/17/2020'),(364,240,30,1,98,'10/22/2017','07/18/2020'),(365,5,84,33,15,'08/08/2017','07/20/2020'),(366,163,66,28,86,'02/25/2018','07/04/2019'),(367,218,94,33,85,'06/27/2017','06/04/2020'),(368,84,86,1,80,'09/07/2018','10/21/2019'),(369,48,77,37,88,'12/25/2017','12/18/2020'),(370,12,64,42,89,'09/20/2017','06/04/2020');
INSERT INTO BookingMaster([BookingID],[PropertyID],[OwnerID],[CityID],[AgentID],[Agreement_date],[Agreement_end]) VALUES(371,117,3,16,82,'05/22/2018','07/08/2019'),(372,73,49,2,84,'10/21/2018','02/25/2020'),(373,225,23,45,93,'05/27/2018','07/02/2020'),(374,187,65,17,72,'12/08/2016','10/31/2019'),(375,72,57,2,57,'10/23/2018','10/17/2020'),(376,270,79,24,46,'05/21/2018','05/13/2020'),(377,64,2,13,53,'10/18/2018','03/24/2019'),(378,61,21,30,19,'03/27/2017','06/04/2019'),(379,202,39,42,59,'10/29/2018','10/25/2019'),(380,141,68,27,25,'10/31/2017','02/14/2019');
INSERT INTO BookingMaster([BookingID],[PropertyID],[OwnerID],[CityID],[AgentID],[Agreement_date],[Agreement_end]) VALUES(381,91,14,31,95,'09/25/2018','04/01/2020'),(382,234,49,8,36,'11/03/2018','01/17/2019'),(383,103,32,23,56,'04/10/2017','05/25/2019'),(384,237,58,4,48,'12/18/2017','08/01/2019'),(385,56,79,47,11,'04/29/2017','06/10/2020'),(386,171,76,5,21,'08/06/2017','09/05/2019'),(387,88,14,23,79,'07/20/2018','06/26/2020'),(388,66,12,4,82,'08/25/2018','04/21/2019'),(389,136,22,32,100,'04/14/2018','08/01/2020'),(390,138,29,6,94,'09/29/2018','02/26/2019');
INSERT INTO BookingMaster([BookingID],[PropertyID],[OwnerID],[CityID],[AgentID],[Agreement_date],[Agreement_end]) VALUES(391,147,28,39,48,'08/25/2017','06/24/2020'),(392,207,25,10,29,'05/20/2017','07/11/2020'),(393,18,69,39,24,'10/06/2017','02/08/2019'),(394,235,64,32,67,'09/12/2017','12/03/2020'),(395,163,80,22,66,'03/28/2017','05/28/2020'),(396,275,5,6,51,'07/10/2017','08/05/2020'),(397,274,57,13,97,'05/01/2018','01/09/2019'),(398,79,20,44,83,'11/18/2017','03/29/2020'),(399,19,14,41,98,'05/01/2017','05/17/2020'),(400,152,57,45,23,'09/21/2017','03/20/2019');

INSERT INTO BookingMaster([BookingID],[PropertyID],[OwnerID],[CityID],[AgentID],[Agreement_date],[Agreement_end]) VALUES(401,20,93,40,40,'06/02/2018','06/11/2020'),(402,37,60,11,51,'07/26/2017','11/30/2020'),(403,176,54,6,99,'08/31/2018','11/12/2019'),(404,78,77,35,39,'03/22/2017','01/16/2019'),(405,251,71,15,70,'06/03/2018','05/01/2020'),(406,299,99,21,98,'01/18/2017','08/03/2020'),(407,246,73,6,79,'04/12/2018','05/12/2020'),(408,76,9,40,32,'02/13/2017','04/30/2019'),(409,216,23,7,49,'01/13/2017','09/16/2020'),(410,81,64,2,84,'07/08/2017','08/31/2020');
INSERT INTO BookingMaster([BookingID],[PropertyID],[OwnerID],[CityID],[AgentID],[Agreement_date],[Agreement_end]) VALUES(411,46,64,48,48,'05/03/2018','10/03/2019'),(412,23,57,36,85,'06/23/2017','02/19/2020'),(413,254,67,35,73,'07/22/2017','12/03/2020'),(414,7,5,7,49,'01/17/2017','04/15/2020'),(415,207,34,20,97,'08/15/2017','11/15/2019'),(416,200,62,16,56,'01/16/2018','06/13/2020'),(417,61,13,10,81,'12/27/2016','08/10/2020'),(418,8,27,23,67,'06/12/2017','10/17/2019'),(419,239,27,29,76,'06/27/2017','09/14/2020'),(420,42,100,16,44,'10/26/2017','06/05/2019');
INSERT INTO BookingMaster([BookingID],[PropertyID],[OwnerID],[CityID],[AgentID],[Agreement_date],[Agreement_end]) VALUES(421,178,11,3,8,'02/22/2018','10/10/2019'),(422,75,47,19,69,'04/13/2018','11/01/2019'),(423,179,16,33,58,'03/27/2017','09/03/2020'),(424,88,69,46,41,'12/27/2017','03/11/2020'),(425,183,90,6,50,'09/19/2017','06/11/2019'),(426,75,90,44,48,'01/24/2018','07/20/2019'),(427,172,74,6,11,'07/28/2017','07/05/2020'),(428,149,41,43,10,'11/14/2018','02/18/2019'),(429,102,30,13,75,'04/28/2018','11/13/2019'),(430,96,6,8,53,'10/26/2017','09/14/2020');
INSERT INTO BookingMaster([BookingID],[PropertyID],[OwnerID],[CityID],[AgentID],[Agreement_date],[Agreement_end]) VALUES(431,260,70,1,46,'10/06/2018','01/10/2019'),(432,45,43,25,8,'08/03/2018','03/16/2020'),(433,177,87,17,64,'06/01/2017','11/14/2020'),(434,45,67,10,68,'05/20/2017','11/16/2019'),(435,144,48,17,42,'12/18/2016','05/30/2020'),(436,205,81,3,6,'10/28/2017','04/24/2019'),(437,252,59,14,92,'09/27/2017','11/10/2019'),(438,213,99,22,83,'09/08/2017','03/17/2019'),(439,22,72,36,56,'09/29/2017','03/28/2019'),(440,150,62,3,6,'12/05/2017','08/29/2019');
INSERT INTO BookingMaster([BookingID],[PropertyID],[OwnerID],[CityID],[AgentID],[Agreement_date],[Agreement_end]) VALUES(441,154,74,21,24,'08/08/2017','08/26/2019'),(442,210,57,32,25,'03/20/2017','01/29/2020'),(443,234,99,34,37,'02/25/2017','10/16/2020'),(444,220,52,4,48,'07/30/2017','05/08/2020'),(445,216,80,1,53,'03/26/2017','10/21/2020'),(446,28,92,27,37,'01/29/2018','02/09/2019'),(447,129,79,43,4,'08/13/2017','04/14/2020'),(448,154,44,8,80,'09/16/2017','06/11/2020'),(449,136,54,26,47,'03/19/2018','10/29/2020'),(450,59,17,30,64,'07/27/2017','06/13/2020');
INSERT INTO BookingMaster([BookingID],[PropertyID],[OwnerID],[CityID],[AgentID],[Agreement_date],[Agreement_end]) VALUES(451,49,1,23,59,'04/24/2017','10/21/2020'),(452,183,87,21,84,'10/23/2017','03/02/2019'),(453,280,62,33,10,'08/15/2018','02/04/2020'),(454,276,28,49,34,'11/11/2017','04/08/2019'),(455,269,52,42,50,'08/21/2017','08/03/2019'),(456,173,37,29,92,'10/08/2017','03/11/2019'),(457,228,94,48,1,'08/29/2017','12/06/2020'),(458,11,48,8,22,'05/25/2017','05/05/2019'),(459,46,42,19,24,'11/21/2018','06/30/2020'),(460,101,45,19,78,'01/18/2018','10/07/2019');
INSERT INTO BookingMaster([BookingID],[PropertyID],[OwnerID],[CityID],[AgentID],[Agreement_date],[Agreement_end]) VALUES(461,257,82,44,44,'07/07/2017','08/04/2020'),(462,164,35,19,39,'04/01/2017','11/18/2019'),(463,84,53,32,87,'07/24/2018','05/03/2019'),(464,198,48,27,33,'11/23/2018','10/26/2020'),(465,52,41,11,64,'02/14/2017','05/20/2019'),(466,137,13,36,48,'02/12/2017','10/31/2020'),(467,4,7,13,41,'05/22/2017','01/04/2019'),(468,87,50,48,25,'07/27/2017','11/26/2020'),(469,211,89,26,85,'05/21/2018','06/23/2020'),(470,75,37,26,3,'02/02/2017','08/13/2020');
INSERT INTO BookingMaster([BookingID],[PropertyID],[OwnerID],[CityID],[AgentID],[Agreement_date],[Agreement_end]) VALUES(471,294,86,46,10,'09/01/2017','03/15/2020'),(472,234,83,24,67,'07/16/2017','11/13/2019'),(473,13,21,13,78,'05/24/2017','02/29/2020'),(474,120,44,43,10,'03/24/2018','05/03/2020'),(475,65,26,38,61,'12/16/2016','07/03/2020'),(476,152,22,19,48,'03/11/2018','05/26/2020'),(477,34,13,33,72,'04/30/2018','11/20/2020'),(478,20,35,12,75,'09/23/2017','10/19/2020'),(479,114,24,11,91,'03/15/2017','09/07/2019'),(480,208,79,38,13,'05/06/2018','08/27/2019');
INSERT INTO BookingMaster([BookingID],[PropertyID],[OwnerID],[CityID],[AgentID],[Agreement_date],[Agreement_end]) VALUES(481,172,39,7,12,'05/26/2018','01/10/2019'),(482,13,64,20,53,'01/25/2018','08/18/2019'),(483,243,9,40,80,'04/22/2018','10/23/2019'),(484,249,2,2,61,'09/25/2018','06/24/2019'),(485,152,8,14,85,'12/03/2017','01/25/2019'),(486,152,42,38,27,'06/01/2017','05/03/2019'),(487,9,43,34,59,'04/21/2018','03/28/2020'),(488,129,7,25,8,'03/17/2018','06/09/2020'),(489,100,26,47,18,'01/10/2018','03/22/2020'),(490,236,64,45,89,'05/26/2017','12/13/2020');
INSERT INTO BookingMaster([BookingID],[PropertyID],[OwnerID],[CityID],[AgentID],[Agreement_date],[Agreement_end]) VALUES(491,205,37,43,22,'12/24/2017','04/29/2020'),(492,94,22,29,94,'04/20/2018','12/03/2020'),(493,229,79,20,98,'12/30/2017','02/07/2020'),(494,62,38,34,77,'01/15/2018','03/11/2019'),(495,259,1,13,83,'03/23/2018','08/29/2019'),(496,206,18,10,21,'12/09/2017','02/11/2019'),(497,245,34,15,14,'12/31/2017','09/02/2020'),(498,38,20,44,14,'03/17/2018','11/06/2020'),(499,64,99,30,70,'11/02/2017','03/18/2020'),(500,55,35,28,85,'05/05/2018','12/24/2019');

INSERT INTO BookingMaster([BookingID],[PropertyID],[OwnerID],[CityID],[AgentID],[Agreement_date],[Agreement_end]) VALUES(501,203,67,23,19,'10/12/2018','11/04/2019'),(502,78,74,27,56,'03/19/2018','03/09/2020'),(503,135,82,27,57,'10/28/2018','11/04/2020'),(504,163,93,34,34,'06/04/2017','12/28/2019'),(505,290,100,2,36,'02/24/2018','11/29/2019'),(506,220,1,31,87,'11/16/2017','02/09/2019'),(507,91,44,36,85,'06/06/2017','01/11/2019'),(508,75,50,10,53,'08/31/2018','11/29/2019'),(509,38,60,18,4,'07/27/2018','10/08/2020'),(510,111,20,28,81,'05/05/2018','05/31/2019');
INSERT INTO BookingMaster([BookingID],[PropertyID],[OwnerID],[CityID],[AgentID],[Agreement_date],[Agreement_end]) VALUES(511,276,83,34,95,'08/10/2017','06/23/2019'),(512,43,29,40,84,'08/27/2017','10/31/2020'),(513,284,1,23,11,'01/23/2018','09/09/2019'),(514,8,69,35,71,'02/10/2017','10/18/2020'),(515,4,27,21,16,'08/30/2017','12/26/2019'),(516,281,87,8,5,'07/15/2017','12/01/2019'),(517,278,40,39,38,'07/23/2018','06/11/2020'),(518,154,64,10,51,'05/30/2017','02/21/2020'),(519,76,60,35,56,'10/30/2017','08/13/2019'),(520,14,64,11,67,'07/02/2018','04/23/2019');
INSERT INTO BookingMaster([BookingID],[PropertyID],[OwnerID],[CityID],[AgentID],[Agreement_date],[Agreement_end]) VALUES(521,199,27,42,52,'09/03/2018','10/07/2019'),(522,55,68,11,60,'12/16/2017','08/25/2020'),(523,156,3,35,73,'11/03/2017','06/22/2020'),(524,151,72,34,74,'11/16/2017','03/20/2020'),(525,205,96,22,89,'10/16/2017','08/29/2019'),(526,154,55,13,38,'08/04/2018','09/04/2019'),(527,274,34,3,79,'01/11/2018','06/21/2019'),(528,219,89,17,25,'10/18/2018','12/30/2019'),(529,259,100,19,18,'09/03/2018','08/23/2020'),(530,242,58,20,2,'03/22/2018','10/24/2019');
INSERT INTO BookingMaster([BookingID],[PropertyID],[OwnerID],[CityID],[AgentID],[Agreement_date],[Agreement_end]) VALUES(531,221,97,35,77,'06/11/2018','03/29/2019'),(532,96,8,16,66,'04/22/2017','08/09/2019'),(533,230,39,12,83,'04/27/2017','07/05/2019'),(534,119,31,35,46,'01/21/2017','01/12/2019'),(535,82,69,13,4,'06/24/2017','01/18/2019'),(536,145,74,9,12,'07/20/2018','07/05/2020'),(537,194,66,27,85,'09/07/2017','03/23/2020'),(538,90,57,45,81,'11/30/2017','01/31/2020'),(539,230,17,31,77,'12/24/2017','08/31/2020'),(540,291,57,4,58,'06/30/2017','11/07/2019');
INSERT INTO BookingMaster([BookingID],[PropertyID],[OwnerID],[CityID],[AgentID],[Agreement_date],[Agreement_end]) VALUES(541,46,84,21,70,'02/20/2017','06/28/2019'),(542,187,58,2,67,'02/24/2017','05/31/2019'),(543,188,22,31,82,'12/30/2016','04/13/2019'),(544,28,18,50,26,'03/26/2018','01/30/2020'),(545,6,61,25,33,'06/22/2018','06/14/2019'),(546,18,90,2,6,'01/06/2018','05/27/2020'),(547,250,68,28,61,'07/18/2018','10/29/2020'),(548,114,40,39,32,'08/25/2018','03/28/2019'),(549,142,58,10,84,'08/24/2018','06/12/2020'),(550,240,42,39,80,'04/05/2017','01/30/2019');
INSERT INTO BookingMaster([BookingID],[PropertyID],[OwnerID],[CityID],[AgentID],[Agreement_date],[Agreement_end]) VALUES(551,220,85,8,6,'10/22/2017','11/30/2020'),(552,291,70,36,59,'09/10/2018','02/14/2020'),(553,262,95,47,29,'05/07/2018','05/01/2020'),(554,218,70,22,30,'12/08/2016','02/09/2020'),(555,128,90,30,53,'05/18/2018','11/19/2019'),(556,106,41,10,45,'10/23/2017','07/03/2019'),(557,110,7,33,87,'12/02/2018','02/01/2020'),(558,148,2,31,83,'10/22/2018','12/14/2019'),(559,52,31,46,39,'07/03/2017','04/08/2020'),(560,254,49,11,88,'10/23/2018','02/28/2020');
INSERT INTO BookingMaster([BookingID],[PropertyID],[OwnerID],[CityID],[AgentID],[Agreement_date],[Agreement_end]) VALUES(561,58,10,19,39,'12/02/2018','06/03/2019'),(562,70,99,37,28,'09/13/2017','01/27/2020'),(563,53,50,37,72,'12/15/2017','04/06/2019'),(564,203,72,25,10,'02/21/2017','08/07/2020'),(565,168,50,7,80,'04/29/2018','12/25/2018'),(566,215,78,43,80,'05/22/2017','04/18/2019'),(567,15,55,24,57,'01/22/2017','04/17/2019'),(568,133,92,5,10,'05/06/2017','01/16/2020'),(569,258,60,1,37,'09/12/2018','12/12/2020'),(570,300,17,27,5,'09/23/2018','06/01/2020');
INSERT INTO BookingMaster([BookingID],[PropertyID],[OwnerID],[CityID],[AgentID],[Agreement_date],[Agreement_end]) VALUES(571,24,76,49,41,'12/15/2016','09/19/2020'),(572,110,97,3,67,'10/25/2018','05/01/2019'),(573,22,12,13,43,'05/20/2018','11/02/2019'),(574,122,10,36,47,'03/03/2017','02/27/2019'),(575,221,46,21,38,'09/27/2017','01/25/2020'),(576,63,14,32,53,'01/01/2017','04/19/2020'),(577,46,30,3,34,'07/20/2017','12/03/2020'),(578,83,19,38,59,'12/23/2017','10/26/2019'),(579,143,9,13,99,'09/21/2018','08/09/2019'),(580,222,93,45,33,'04/06/2017','07/03/2020');
INSERT INTO BookingMaster([BookingID],[PropertyID],[OwnerID],[CityID],[AgentID],[Agreement_date],[Agreement_end]) VALUES(581,223,68,22,20,'05/03/2017','04/25/2020'),(582,42,11,40,28,'02/04/2018','01/13/2020'),(583,166,87,28,64,'04/24/2018','04/11/2020'),(584,189,85,4,1,'02/26/2017','01/19/2019'),(585,164,36,3,44,'07/03/2018','07/15/2019'),(586,248,29,20,95,'08/04/2017','07/03/2020'),(587,182,90,25,99,'09/25/2017','12/24/2018'),(588,1,83,37,47,'07/10/2017','08/19/2020'),(589,220,13,34,15,'05/05/2018','07/16/2019'),(590,109,33,26,87,'11/09/2017','12/04/2019');
INSERT INTO BookingMaster([BookingID],[PropertyID],[OwnerID],[CityID],[AgentID],[Agreement_date],[Agreement_end]) VALUES(591,213,4,12,6,'08/26/2017','03/07/2019'),(592,138,48,7,34,'12/28/2017','05/23/2020'),(593,136,75,17,82,'08/10/2018','12/21/2020'),(594,225,73,1,56,'01/19/2017','10/25/2019'),(595,200,55,35,14,'01/17/2017','03/17/2020'),(596,2,88,42,4,'03/13/2018','09/12/2019'),(597,66,66,49,43,'06/16/2018','01/16/2020'),(598,57,4,33,63,'01/23/2018','05/16/2020'),(599,74,20,7,48,'05/19/2018','10/17/2020'),(600,217,73,46,5,'10/17/2018','02/20/2019');


INSERT INTO AgentCommission([CommissionID],[AgentID],[Comission_paid],[Remaining_comission]) VALUES(1,44,85827,480706),(2,62,453631,419111),(3,6,396312,89310),(4,98,455404,125587),(5,28,483958,261865),(6,9,282104,373437),(7,35,218722,174583),(8,27,67587,77453),(9,68,60908,343454),(10,45,392570,402906);
INSERT INTO AgentCommission([CommissionID],[AgentID],[Comission_paid],[Remaining_comission]) VALUES(11,78,125439,195250),(12,27,124870,219853),(13,78,374101,424509),(14,50,256841,469881),(15,94,377331,236032),(16,90,495725,415182),(17,61,479508,302399),(18,61,170554,142826),(19,25,171783,163695),(20,36,458150,247095);
INSERT INTO AgentCommission([CommissionID],[AgentID],[Comission_paid],[Remaining_comission]) VALUES(21,10,189719,231469),(22,88,332015,310316),(23,50,93202,150128),(24,26,168923,169094),(25,43,373822,111305),(26,51,225611,179694),(27,8,119708,486706),(28,43,99011,390520),(29,8,109395,187935),(30,75,314630,83489);
INSERT INTO AgentCommission([CommissionID],[AgentID],[Comission_paid],[Remaining_comission]) VALUES(31,37,269920,448999),(32,22,389443,342092),(33,27,137060,273173),(34,97,436340,293452),(35,69,316033,303209),(36,4,360082,412712),(37,38,207904,79906),(38,35,50449,113017),(39,57,251837,269221),(40,58,314051,404990);
INSERT INTO AgentCommission([CommissionID],[AgentID],[Comission_paid],[Remaining_comission]) VALUES(41,50,365095,462965),(42,23,449658,241149),(43,29,362003,493478),(44,93,319764,103785),(45,29,338735,454841),(46,95,441782,254264),(47,98,81009,222600),(48,61,72925,246095),(49,36,450123,122099),(50,76,421672,497960);
INSERT INTO AgentCommission([CommissionID],[AgentID],[Comission_paid],[Remaining_comission]) VALUES(51,84,161733,191038),(52,92,322610,402845),(53,34,299481,367898),(54,3,144067,469251),(55,80,164342,400620),(56,41,246684,315459),(57,98,169179,127894),(58,53,389561,469890),(59,22,300804,414787),(60,91,375169,366801);
INSERT INTO AgentCommission([CommissionID],[AgentID],[Comission_paid],[Remaining_comission]) VALUES(61,96,356895,322486),(62,68,255889,155407),(63,91,335651,286665),(64,39,323664,203082),(65,92,205318,329561),(66,97,159808,485643),(67,90,263416,268959),(68,22,181683,78804),(69,14,153044,182357),(70,45,160214,161602);
INSERT INTO AgentCommission([CommissionID],[AgentID],[Comission_paid],[Remaining_comission]) VALUES(71,73,142442,292929),(72,66,230782,222986),(73,33,348871,338233),(74,43,183875,118982),(75,79,472739,454100),(76,22,73120,58134),(77,61,76051,207972),(78,82,190320,171788),(79,49,417368,55403),(80,91,456029,381094);
INSERT INTO AgentCommission([CommissionID],[AgentID],[Comission_paid],[Remaining_comission]) VALUES(81,25,342566,198048),(82,11,388243,356742),(83,80,409247,87795),(84,29,246610,411423),(85,39,326705,170825),(86,21,171832,303048),(87,15,60077,84898),(88,48,62864,354602),(89,27,86087,149291),(90,48,106984,235683);
INSERT INTO AgentCommission([CommissionID],[AgentID],[Comission_paid],[Remaining_comission]) VALUES(91,20,337979,126874),(92,60,487144,304845),(93,77,388019,52004),(94,20,352914,89588),(95,32,144085,324605),(96,59,187150,348115),(97,64,461580,245834),(98,66,127993,363537),(99,47,244951,117329),(100,20,472146,203668);

INSERT INTO AgentCommission([CommissionID],[AgentID],[Comission_paid],[Remaining_comission]) VALUES(101,97,409001,129100),(102,51,85739,261466),(103,92,414689,498988),(104,97,336784,120092),(105,35,192148,459583),(106,38,211965,364176),(107,93,118085,302877),(108,88,95465,431843),(109,79,472941,113169),(110,84,142449,326539);
INSERT INTO AgentCommission([CommissionID],[AgentID],[Comission_paid],[Remaining_comission]) VALUES(111,27,214769,103619),(112,81,415575,423843),(113,75,395205,291801),(114,60,92819,293716),(115,90,145114,110948),(116,39,284238,414737),(117,72,465212,499127),(118,40,484501,230238),(119,78,433915,317056),(120,77,305011,147876);
INSERT INTO AgentCommission([CommissionID],[AgentID],[Comission_paid],[Remaining_comission]) VALUES(121,1,164277,241903),(122,21,362622,132298),(123,68,361983,163053),(124,42,374010,310415),(125,76,444432,132861),(126,33,134461,446877),(127,46,51614,319450),(128,57,332065,228194),(129,67,324302,91243),(130,52,386833,366202);
INSERT INTO AgentCommission([CommissionID],[AgentID],[Comission_paid],[Remaining_comission]) VALUES(131,86,117283,105918),(132,29,306842,75449),(133,2,162346,373832),(134,86,225248,402946),(135,17,150922,212274),(136,57,475468,496637),(137,64,360135,280648),(138,19,365152,166744),(139,38,249701,463670),(140,94,342501,399601);
INSERT INTO AgentCommission([CommissionID],[AgentID],[Comission_paid],[Remaining_comission]) VALUES(141,58,374544,488964),(142,78,87595,354331),(143,16,478157,111609),(144,76,180964,231262),(145,60,85188,87238),(146,48,196371,405613),(147,20,88670,171424),(148,76,249034,318593),(149,76,476006,154278),(150,58,288594,393401);
INSERT INTO AgentCommission([CommissionID],[AgentID],[Comission_paid],[Remaining_comission]) VALUES(151,34,498179,149021),(152,84,117394,285255),(153,31,395269,119405),(154,24,174600,117532),(155,36,124258,228761),(156,43,320057,105640),(157,63,205394,410287),(158,78,205520,401534),(159,4,489620,431567),(160,30,423429,138586);
INSERT INTO AgentCommission([CommissionID],[AgentID],[Comission_paid],[Remaining_comission]) VALUES(161,34,54292,366553),(162,16,254873,333028),(163,74,285391,107043),(164,32,476331,91015),(165,21,390377,357763),(166,62,417302,441112),(167,95,388542,89852),(168,9,113970,147124),(169,20,150606,180723),(170,60,431082,174965);
INSERT INTO AgentCommission([CommissionID],[AgentID],[Comission_paid],[Remaining_comission]) VALUES(171,29,282245,124818),(172,9,291008,263844),(173,19,345442,424879),(174,55,229591,355509),(175,74,441307,309635),(176,30,118591,285824),(177,26,372730,465043),(178,88,390576,488881),(179,23,360122,435816),(180,92,111988,362435);
INSERT INTO AgentCommission([CommissionID],[AgentID],[Comission_paid],[Remaining_comission]) VALUES(181,82,433687,227921),(182,10,499326,115513),(183,43,250025,314172),(184,50,458321,279032),(185,89,115285,315720),(186,52,351329,186216),(187,22,389392,116095),(188,98,249645,209744),(189,39,491777,341769),(190,23,227820,395339);
INSERT INTO AgentCommission([CommissionID],[AgentID],[Comission_paid],[Remaining_comission]) VALUES(191,35,240861,484679),(192,69,172216,234872),(193,81,430854,116343),(194,92,210707,285649),(195,75,311672,491633),(196,85,179405,228378),(197,97,144282,445921),(198,57,462461,192513),(199,30,217560,371209),(200,13,64105,299492);

INSERT INTO AgentCommission([CommissionID],[AgentID],[Comission_paid],[Remaining_comission]) VALUES(201,85,274578,394652),(202,7,265858,286905),(203,71,463221,420725),(204,23,400449,249361),(205,95,375986,254970),(206,84,357241,463056),(207,88,391616,158556),(208,89,365791,294916),(209,24,371789,301710),(210,95,399977,201495);
INSERT INTO AgentCommission([CommissionID],[AgentID],[Comission_paid],[Remaining_comission]) VALUES(211,28,107430,286007),(212,39,54196,136701),(213,93,267497,427148),(214,62,364631,468217),(215,32,237169,281186),(216,3,97301,183411),(217,52,434601,410798),(218,56,173572,494695),(219,32,330628,218444),(220,23,156957,110399);
INSERT INTO AgentCommission([CommissionID],[AgentID],[Comission_paid],[Remaining_comission]) VALUES(221,4,200528,466557),(222,65,92860,295973),(223,70,355141,278123),(224,14,385521,101175),(225,89,130322,251553),(226,95,62801,387320),(227,24,129899,354505),(228,76,203161,309822),(229,47,149494,297394),(230,68,280495,335669);
INSERT INTO AgentCommission([CommissionID],[AgentID],[Comission_paid],[Remaining_comission]) VALUES(231,32,359349,247832),(232,57,278469,303807),(233,34,488752,470800),(234,16,115560,444600),(235,6,52623,476401),(236,82,379149,212667),(237,2,290630,198805),(238,5,279603,85499),(239,77,439524,128711),(240,16,147652,391245);
INSERT INTO AgentCommission([CommissionID],[AgentID],[Comission_paid],[Remaining_comission]) VALUES(241,4,53329,154221),(242,24,366568,425978),(243,82,354792,276578),(244,91,312420,92340),(245,44,292805,261032),(246,8,185493,292910),(247,39,228228,63011),(248,71,152749,302148),(249,95,408235,493478),(250,74,229433,159600);
INSERT INTO AgentCommission([CommissionID],[AgentID],[Comission_paid],[Remaining_comission]) VALUES(251,22,275607,78828),(252,29,326954,465853),(253,71,222948,54366),(254,89,328526,466408),(255,36,312666,471876),(256,71,241725,379877),(257,20,204197,421844),(258,29,217066,475788),(259,53,334477,153733),(260,33,188306,403891);
INSERT INTO AgentCommission([CommissionID],[AgentID],[Comission_paid],[Remaining_comission]) VALUES(261,8,103394,427829),(262,76,395069,349495),(263,90,257621,112804),(264,59,64764,306700),(265,5,91657,365723),(266,66,264443,146353),(267,56,73998,421288),(268,87,198917,159963),(269,57,430278,173304),(270,72,232981,457192);
INSERT INTO AgentCommission([CommissionID],[AgentID],[Comission_paid],[Remaining_comission]) VALUES(271,6,247798,351387),(272,90,82707,449577),(273,7,365189,58386),(274,46,222876,412252),(275,6,391793,299727),(276,80,66517,57556),(277,84,387854,123894),(278,11,167515,393794),(279,44,348700,263223),(280,59,361485,394756);
INSERT INTO AgentCommission([CommissionID],[AgentID],[Comission_paid],[Remaining_comission]) VALUES(281,26,265888,250408),(282,89,417497,283135),(283,5,450675,208183),(284,65,113626,90558),(285,49,179916,90302),(286,93,71052,181570),(287,49,343870,406447),(288,60,336307,144820),(289,87,292352,363415),(290,76,70128,349458);
INSERT INTO AgentCommission([CommissionID],[AgentID],[Comission_paid],[Remaining_comission]) VALUES(291,6,142534,487789),(292,84,153019,103077),(293,50,359154,244628),(294,63,320604,102156),(295,41,269820,166172),(296,23,239101,415771),(297,55,358142,90343),(298,56,152702,383168),(299,72,263526,285458),(300,18,364472,247675);

INSERT INTO AgentCommission([CommissionID],[AgentID],[Comission_paid],[Remaining_comission]) VALUES(301,91,396407,119765),(302,72,385434,192970),(303,34,471971,134210),(304,15,92252,374347),(305,34,276701,410437),(306,35,176104,255634),(307,7,374976,131516),(308,77,491635,266014),(309,74,225524,397841),(310,81,452469,273556);
INSERT INTO AgentCommission([CommissionID],[AgentID],[Comission_paid],[Remaining_comission]) VALUES(311,48,337963,147700),(312,67,492822,74204),(313,21,350866,248172),(314,30,148660,148673),(315,43,266797,464904),(316,72,223506,261893),(317,61,265193,252937),(318,70,238014,378213),(319,85,497500,438118),(320,41,161244,390253);
INSERT INTO AgentCommission([CommissionID],[AgentID],[Comission_paid],[Remaining_comission]) VALUES(321,24,361093,254205),(322,4,274784,72574),(323,64,52368,168371),(324,87,377220,272766),(325,65,322409,124017),(326,2,477447,155968),(327,62,359422,200350),(328,43,484917,204945),(329,60,174890,61170),(330,52,203719,401731);
INSERT INTO AgentCommission([CommissionID],[AgentID],[Comission_paid],[Remaining_comission]) VALUES(331,5,179548,238232),(332,46,144237,79702),(333,34,420543,418672),(334,97,109945,329801),(335,67,330774,136641),(336,53,312989,84389),(337,17,268883,490081),(338,74,354837,466371),(339,97,244169,472562),(340,55,146881,95194);
INSERT INTO AgentCommission([CommissionID],[AgentID],[Comission_paid],[Remaining_comission]) VALUES(341,19,392325,246471),(342,42,95815,352686),(343,99,409770,395596),(344,45,352426,79040),(345,60,462571,411927),(346,67,175682,118034),(347,33,143002,178074),(348,43,438241,434281),(349,93,463540,491107),(350,42,68358,323368);
INSERT INTO AgentCommission([CommissionID],[AgentID],[Comission_paid],[Remaining_comission]) VALUES(351,50,433745,158438),(352,61,316060,300917),(353,76,431737,418601),(354,62,302161,212997),(355,95,266296,104103),(356,4,139878,392440),(357,55,348138,283527),(358,77,418608,441916),(359,44,334852,394693),(360,24,249773,123374);
INSERT INTO AgentCommission([CommissionID],[AgentID],[Comission_paid],[Remaining_comission]) VALUES(361,96,315173,276945),(362,7,393171,328103),(363,2,498741,426873),(364,27,178994,311409),(365,16,326016,371972),(366,48,324696,327336),(367,96,306169,95981),(368,95,319995,316041),(369,37,406810,86016),(370,63,303394,61329);
INSERT INTO AgentCommission([CommissionID],[AgentID],[Comission_paid],[Remaining_comission]) VALUES(371,53,69711,144959),(372,5,280038,97537),(373,73,187679,312994),(374,18,160098,273825),(375,86,421406,414254),(376,80,65882,202953),(377,70,145776,238651),(378,96,153943,51540),(379,4,415203,306387),(380,59,278655,301879);
INSERT INTO AgentCommission([CommissionID],[AgentID],[Comission_paid],[Remaining_comission]) VALUES(381,4,168178,313050),(382,51,262589,66594),(383,3,263322,67762),(384,55,127348,342622),(385,19,216966,269128),(386,8,477121,483256),(387,15,476444,336280),(388,57,130881,102530),(389,68,88459,124454),(390,22,158640,234499);
INSERT INTO AgentCommission([CommissionID],[AgentID],[Comission_paid],[Remaining_comission]) VALUES(391,13,312228,136625),(392,54,477046,421608),(393,80,243983,74400),(394,83,271834,167171),(395,62,258918,459175),(396,45,274014,493359),(397,91,292279,307507),(398,20,479627,453676),(399,98,391891,337928),(400,45,466018,250942);

INSERT INTO AgentCommission([CommissionID],[AgentID],[Comission_paid],[Remaining_comission]) VALUES(401,76,288439,353061),(402,78,167697,312083),(403,86,52592,211800),(404,34,205039,285837),(405,29,230408,425792),(406,43,387551,435686),(407,26,185641,151413),(408,51,170330,123550),(409,51,236187,103959),(410,1,310520,436158);
INSERT INTO AgentCommission([CommissionID],[AgentID],[Comission_paid],[Remaining_comission]) VALUES(411,66,86840,477609),(412,88,351451,263977),(413,95,339315,136216),(414,40,429298,298944),(415,90,429741,422548),(416,48,281182,52282),(417,39,190160,59829),(418,1,134811,184403),(419,75,55419,121252),(420,91,292925,157698);
INSERT INTO AgentCommission([CommissionID],[AgentID],[Comission_paid],[Remaining_comission]) VALUES(421,72,279320,174155),(422,2,347767,81349),(423,52,422361,314906),(424,57,202069,478498),(425,100,493835,300201),(426,69,477257,63956),(427,19,242125,163673),(428,55,451226,179994),(429,89,307770,200681),(430,34,432964,67482);
INSERT INTO AgentCommission([CommissionID],[AgentID],[Comission_paid],[Remaining_comission]) VALUES(431,29,184830,275784),(432,43,291439,330769),(433,64,90599,374577),(434,64,301464,159872),(435,44,160033,223233),(436,58,64008,452100),(437,57,50383,194462),(438,23,248093,56335),(439,13,413509,63721),(440,98,250329,347248);
INSERT INTO AgentCommission([CommissionID],[AgentID],[Comission_paid],[Remaining_comission]) VALUES(441,43,240479,451678),(442,98,297358,268616),(443,73,78845,168401),(444,65,259500,173147),(445,27,286126,292772),(446,68,133824,326674),(447,57,140248,328674),(448,38,493897,287059),(449,96,361858,98958),(450,98,79070,493385);
INSERT INTO AgentCommission([CommissionID],[AgentID],[Comission_paid],[Remaining_comission]) VALUES(451,26,292256,301418),(452,53,447041,379154),(453,45,285163,403401),(454,77,110817,383800),(455,89,216232,123023),(456,80,442964,300132),(457,98,423125,399312),(458,54,370020,452289),(459,67,314416,172981),(460,54,383347,485096);
INSERT INTO AgentCommission([CommissionID],[AgentID],[Comission_paid],[Remaining_comission]) VALUES(461,70,114865,308951),(462,12,265888,221019),(463,4,250723,52193),(464,85,50182,367384),(465,73,57024,178089),(466,70,397616,458412),(467,48,369590,412263),(468,65,287921,56075),(469,67,434332,222931),(470,76,147818,85774);
INSERT INTO AgentCommission([CommissionID],[AgentID],[Comission_paid],[Remaining_comission]) VALUES(471,33,481266,53150),(472,17,199388,299114),(473,25,395424,190866),(474,25,424029,66513),(475,35,477018,486141),(476,11,251192,324556),(477,52,356994,61417),(478,29,328615,71310),(479,61,133252,208284),(480,79,475091,113229);
INSERT INTO AgentCommission([CommissionID],[AgentID],[Comission_paid],[Remaining_comission]) VALUES(481,51,448155,484544),(482,3,435438,139650),(483,34,324295,443458),(484,18,294975,53987),(485,66,204582,357937),(486,46,121661,192066),(487,88,477116,452887),(488,81,288443,198133),(489,27,125707,209504),(490,63,443932,228305);
INSERT INTO AgentCommission([CommissionID],[AgentID],[Comission_paid],[Remaining_comission]) VALUES(491,45,486238,416662),(492,59,131712,362681),(493,3,240481,412043),(494,4,374412,169091),(495,76,127702,209991),(496,41,365570,190510),(497,58,253502,407543),(498,19,440034,276206),(499,13,240471,436319),(500,1,350080,317940);

INSERT INTO AgentCommission([CommissionID],[AgentID],[Comission_paid],[Remaining_comission]) VALUES(501,89,52053,204335),(502,19,357454,331936),(503,54,188492,119783),(504,74,67987,105100),(505,57,477186,283824),(506,97,453813,433387),(507,56,266731,180221),(508,99,417907,85392),(509,49,51250,349070),(510,73,147342,136343);
INSERT INTO AgentCommission([CommissionID],[AgentID],[Comission_paid],[Remaining_comission]) VALUES(511,4,142009,359434),(512,44,202707,198961),(513,95,479177,268414),(514,25,377846,134857),(515,92,135887,434824),(516,85,448915,397824),(517,40,326728,365066),(518,37,240588,163105),(519,99,350984,74841),(520,70,374671,263057);
INSERT INTO AgentCommission([CommissionID],[AgentID],[Comission_paid],[Remaining_comission]) VALUES(521,33,89946,354088),(522,2,429685,370920),(523,81,384985,391650),(524,92,357283,481965),(525,14,139846,299063),(526,3,87518,250202),(527,39,446292,406275),(528,19,403920,305731),(529,25,415374,272171),(530,56,185105,133177);
INSERT INTO AgentCommission([CommissionID],[AgentID],[Comission_paid],[Remaining_comission]) VALUES(531,25,230097,221076),(532,12,417219,267737),(533,42,394224,184297),(534,37,163734,321706),(535,21,209127,495403),(536,41,213352,381262),(537,73,148206,302453),(538,92,444130,409380),(539,57,183392,418135),(540,10,365241,244486);
INSERT INTO AgentCommission([CommissionID],[AgentID],[Comission_paid],[Remaining_comission]) VALUES(541,98,321371,274462),(542,47,118116,334125),(543,6,335834,328577),(544,54,486448,86359),(545,10,321653,124560),(546,52,62441,460660),(547,4,272615,121797),(548,3,188515,346056),(549,98,434700,328064),(550,8,52322,393488);
INSERT INTO AgentCommission([CommissionID],[AgentID],[Comission_paid],[Remaining_comission]) VALUES(551,19,179438,456565),(552,88,408265,317097),(553,18,380024,66436),(554,26,442031,357149),(555,71,69628,187142),(556,24,103738,386434),(557,61,342810,160728),(558,97,222220,180732),(559,27,470832,170167),(560,91,222425,56503);
INSERT INTO AgentCommission([CommissionID],[AgentID],[Comission_paid],[Remaining_comission]) VALUES(561,10,383356,449191),(562,66,66789,276725),(563,29,467667,223109),(564,3,463493,136794),(565,5,202349,438658),(566,33,217129,437776),(567,96,256409,77070),(568,83,119990,118626),(569,88,159136,89965),(570,8,93963,61730);
INSERT INTO AgentCommission([CommissionID],[AgentID],[Comission_paid],[Remaining_comission]) VALUES(571,1,334273,182849),(572,19,379439,474949),(573,94,64430,229430),(574,34,130205,357070),(575,4,53148,333725),(576,77,437314,175473),(577,71,472285,447030),(578,98,182566,69185),(579,44,427014,153492),(580,67,385111,140530);
INSERT INTO AgentCommission([CommissionID],[AgentID],[Comission_paid],[Remaining_comission]) VALUES(581,67,110255,330501),(582,83,211272,391775),(583,90,138710,494099),(584,27,414730,421418),(585,92,66908,93764),(586,13,154624,396328),(587,73,380006,289966),(588,75,197971,56845),(589,10,378172,470247),(590,54,226411,94184);
INSERT INTO AgentCommission([CommissionID],[AgentID],[Comission_paid],[Remaining_comission]) VALUES(591,52,310593,62569),(592,70,410872,117175),(593,17,233554,271841),(594,2,315841,469043),(595,83,199528,87759),(596,69,305041,407145),(597,84,498652,315474),(598,60,149139,464371),(599,14,447355,369063),(600,26,83274,129864);

INSERT INTO Services([ServiceID],[Service_name],[Service_charges])
VALUES(1,'Electric',20000),(2,'Water',30000),(3,'Gas',50000);


INSERT INTO WorkerMaster([WorkerID],[Name],[ServiceID],[ContactNO],[Address],[CityID]) VALUES(1,'Carl Washington',3,'+92 696317272','486-8463 Quisque St.',27),(2,'Perry Hogan',1,'+92 963227526','P.O. Box 837, 9411 Enim. Rd.',19),(3,'Zeph Byers',3,'+92 522062874','Ap #789-5003 Consequat St.',9),(4,'Avram Olson',1,'+92 102894497','Ap #624-4341 Mus. Avenue',35),(5,'Seth Medina',3,'+92 520702266','P.O. Box 579, 8883 Auctor Avenue',40),(6,'Beck Walters',3,'+92 170334218','696-8979 Ultrices Avenue',10),(7,'Samson Taylor',2,'+92 691481836','P.O. Box 934, 1765 Non, Ave',12),(8,'Kane Mullins',2,'+92 767159493','686-577 Odio Avenue',27),(9,'Leo Simpson',2,'+92 813020377','P.O. Box 787, 9534 Egestas. St.',47),(10,'Keefe Phelps',2,'+92 288229371','7881 Magna St.',29);
INSERT INTO WorkerMaster([WorkerID],[Name],[ServiceID],[ContactNO],[Address],[CityID]) VALUES(11,'James Eaton',1,'+92 815468597','511-2240 Cras St.',38),(12,'Samson Medina',3,'+92 739568729','P.O. Box 888, 7170 Elit Avenue',22),(13,'Zeus Hawkins',2,'+92 486322796','P.O. Box 499, 8114 Molestie Avenue',16),(14,'Harding Medina',1,'+92 609899300','6274 Nisl Road',8),(15,'Warren Santana',2,'+92 551927396','618-3381 Ut, St.',4),(16,'Zahir Bernard',3,'+92 968983130','484-6349 Arcu. Rd.',6),(17,'Caleb Nielsen',3,'+92 741249565','753-6289 Semper Rd.',48),(18,'Mufutau Nicholson',2,'+92 624472141','6359 A, Rd.',2),(19,'Upton Mcgee',3,'+92 035252790','Ap #430-7720 Vitae Rd.',42),(20,'Emery Poole',2,'+92 501049021','P.O. Box 107, 5347 Eget Rd.',16);
INSERT INTO WorkerMaster([WorkerID],[Name],[ServiceID],[ContactNO],[Address],[CityID]) VALUES(21,'Berk Stewart',2,'+92 852898232','4436 Magna. Rd.',31),(22,'Grant Wall',3,'+92 675475385','P.O. Box 702, 3061 Ornare Rd.',3),(23,'Thaddeus Hopkins',2,'+92 136350440','P.O. Box 115, 2581 Non Rd.',19),(24,'Bradley Merrill',1,'+92 802317930','593-7279 Dui, Road',10),(25,'Gabriel Davidson',1,'+92 901158094','Ap #253-6587 Iaculis Rd.',32),(26,'Malik Hanson',2,'+92 748916914','Ap #319-4193 Curae; Rd.',26),(27,'Reese Galloway',2,'+92 795550239','P.O. Box 110, 9447 Augue St.',32),(28,'Colt Melton',2,'+92 190536251','7322 Ultricies Street',20),(29,'Harrison Hawkins',3,'+92 112332135','3323 Cursus Rd.',20),(30,'Marvin Slater',2,'+92 334578423','1289 Quis Rd.',19);
INSERT INTO WorkerMaster([WorkerID],[Name],[ServiceID],[ContactNO],[Address],[CityID]) VALUES(31,'Herrod Hebert',3,'+92 776079550','2131 Dui Road',26),(32,'Burke Chandler',3,'+92 085892349','Ap #761-4890 Nibh Rd.',21),(33,'Burke Battle',1,'+92 345158716','8928 Elit, Rd.',29),(34,'Hector Payne',1,'+92 154092610','Ap #574-8871 Luctus Rd.',1),(35,'Rafael Sherman',3,'+92 108398095','527-3815 Eget Road',45),(36,'Yuli Holcomb',3,'+92 258982427','358-1031 Felis. St.',48),(37,'Eaton Bender',3,'+92 861459843','7792 Pede. Street',20),(38,'Lee Fischer',3,'+92 973948039','Ap #233-2297 Vulputate, St.',32),(39,'Julian Riggs',1,'+92 429633915','P.O. Box 244, 2591 Orci. St.',31),(40,'Gary Barry',1,'+92 721924441','9921 Eleifend Road',3);
INSERT INTO WorkerMaster([WorkerID],[Name],[ServiceID],[ContactNO],[Address],[CityID]) VALUES(41,'Quinn Byrd',3,'+92 891955235','Ap #975-3407 Etiam Street',4),(42,'Keegan Hinton',2,'+92 397703187','P.O. Box 288, 6753 Vel St.',37),(43,'Dieter Santiago',2,'+92 683203087','Ap #826-2957 Fringilla Road',46),(44,'Armand Rich',3,'+92 336615735','P.O. Box 201, 6082 Ornare, Ave',8),(45,'Barry Valenzuela',3,'+92 833873808','526-8532 Aliquet Road',21),(46,'Forrest Benton',1,'+92 952522753','P.O. Box 445, 1595 Egestas. St.',26),(47,'Graiden Garrison',1,'+92 621163342','Ap #453-3600 Molestie Rd.',15),(48,'Coby Bell',3,'+92 661730820','2051 Nec, Avenue',25),(49,'Benedict Greer',1,'+92 312709683','P.O. Box 395, 7959 Ipsum Road',42),(50,'George Floyd',3,'+92 814942064','688 Vitae St.',49);
INSERT INTO WorkerMaster([WorkerID],[Name],[ServiceID],[ContactNO],[Address],[CityID]) VALUES(51,'Darius Vinson',2,'+92 910668735','3942 Vitae Avenue',48),(52,'Hasad May',3,'+92 204062338','Ap #223-1979 Sapien. Rd.',16),(53,'Aaron Fernandez',2,'+92 757567013','P.O. Box 161, 8342 Egestas. Ave',15),(54,'Keane Velez',1,'+92 431001953','P.O. Box 942, 7643 Fames Rd.',44),(55,'Arden Bradley',2,'+92 354916312','Ap #211-2517 Lorem St.',3),(56,'Ethan Mueller',3,'+92 234109293','P.O. Box 705, 1109 Fames Avenue',23),(57,'Fritz Faulkner',3,'+92 279977770','180 Ac, St.',47),(58,'Chaim Stone',2,'+92 758482362','P.O. Box 691, 9659 Dolor. St.',23),(59,'Howard Todd',3,'+92 972328773','994-5304 Donec St.',24),(60,'Hamish Weiss',3,'+92 805671709','Ap #666-3821 Euismod Rd.',11);
INSERT INTO WorkerMaster([WorkerID],[Name],[ServiceID],[ContactNO],[Address],[CityID]) VALUES(61,'Abdul Bauer',2,'+92 616762761','Ap #422-3773 Egestas, Ave',50),(62,'Barry Burch',2,'+92 715655486','Ap #291-3316 Vitae Avenue',25),(63,'Melvin Rodriquez',2,'+92 311395618','P.O. Box 932, 806 Blandit Ave',46),(64,'Kevin Green',1,'+92 801294229','Ap #915-9094 Auctor, Avenue',9),(65,'Cairo Trevino',1,'+92 635493636','Ap #340-269 Neque Ave',31),(66,'Boris Meyer',3,'+92 157319721','291-8595 Torquent St.',16),(67,'Salvador Bennett',2,'+92 378842695','Ap #627-9430 Elementum Ave',12),(68,'Cameron Castro',2,'+92 806300377','Ap #994-5524 Nec, Av.',21),(69,'Bert Ramsey',1,'+92 263035005','3959 Sed Rd.',8),(70,'Cain Hobbs',1,'+92 182103522','P.O. Box 763, 1634 Aliquam Ave',44);
INSERT INTO WorkerMaster([WorkerID],[Name],[ServiceID],[ContactNO],[Address],[CityID]) VALUES(71,'Stewart Chapman',2,'+92 275968137','4024 Imperdiet Rd.',7),(72,'Jared Franklin',3,'+92 010167702','Ap #993-4705 Aliquet, Avenue',34),(73,'Aladdin Serrano',1,'+92 657284666','P.O. Box 860, 6537 Phasellus Avenue',31),(74,'Uriah Barr',1,'+92 816039169','419-4335 A, Road',39),(75,'Hyatt Puckett',3,'+92 696320987','488-1297 Eros. Av.',37),(76,'Ignatius Mayo',3,'+92 916624325','8726 Curabitur Street',20),(77,'Timothy House',2,'+92 300633113','P.O. Box 305, 7123 Luctus. Ave',12),(78,'Xander Buchanan',2,'+92 541991924','Ap #385-1276 Sapien. Street',36),(79,'Samson Lamb',3,'+92 645376594','7970 Sit Avenue',49),(80,'Silas Skinner',3,'+92 652975456','P.O. Box 196, 5940 Amet Ave',46);
INSERT INTO WorkerMaster([WorkerID],[Name],[ServiceID],[ContactNO],[Address],[CityID]) VALUES(81,'Nathan Sharp',3,'+92 523960278','788-3626 Vestibulum St.',4),(82,'Tyrone Dorsey',1,'+92 261679756','317-7765 Orci St.',3),(83,'Knox Jackson',1,'+92 734806131','7388 Integer Ave',5),(84,'Hayes Reid',1,'+92 931549177','9113 Ut St.',38),(85,'Stewart Barr',3,'+92 279461179','659-3372 At Road',12),(86,'Talon Walsh',1,'+92 818058624','299 Lacus. Street',14),(87,'Joshua Knox',1,'+92 086458385','471-9876 Nunc Rd.',41),(88,'Quinn Nunez',3,'+92 339023316','P.O. Box 926, 6803 Sagittis Ave',48),(89,'Price Rasmussen',1,'+92 903037119','3079 Tristique Street',20),(90,'Quentin Serrano',1,'+92 672859769','Ap #376-5875 Scelerisque Rd.',33);
INSERT INTO WorkerMaster([WorkerID],[Name],[ServiceID],[ContactNO],[Address],[CityID]) VALUES(91,'Derek Davidson',1,'+92 207829048','6805 Diam. Road',42),(92,'Jack Waters',1,'+92 360432312','P.O. Box 352, 1915 Lobortis St.',31),(93,'Dale Banks',2,'+92 325000538','Ap #707-7732 Urna Rd.',22),(94,'Kadeem Todd',1,'+92 605331320','Ap #175-4880 Velit. Street',24),(95,'Sean Bradshaw',2,'+92 993596173','Ap #993-9951 Convallis Rd.',42),(96,'Mohammad Shelton',1,'+92 564132074','Ap #211-1403 Phasellus St.',31),(97,'Nigel Crawford',3,'+92 981782929','P.O. Box 280, 1335 Nisl. St.',12),(98,'Alexander Hutchinson',3,'+92 348758389','Ap #362-4537 Venenatis Avenue',23),(99,'Jonah Quinn',3,'+92 335631115','451-6197 Amet, Av.',19),(100,'Brody Salazar',2,'+92 495432265','9977 Massa. Road',7);


INSERT INTO PaymentMaster([PaymentID],[BookingID],[Purchase_date],[Payment_received]) VALUES(1,1,'11/11/2020',294280197),(2,2,'04/28/2019',497553479),(3,3,'07/19/2020',13249063),(4,4,'11/30/2020',111478397),(5,5,'03/06/2020',332127515),(6,6,'01/17/2019',94435028),(7,7,'04/20/2020',152228815),(8,8,'02/21/2020',334673599),(9,9,'07/07/2018',225115168),(10,10,'06/19/2018',254746923);
INSERT INTO PaymentMaster([PaymentID],[BookingID],[Purchase_date],[Payment_received]) VALUES(11,11,'01/28/2017',233905395),(12,12,'06/17/2017',380996922),(13,13,'09/25/2020',179321521),(14,14,'11/24/2018',255600032),(15,15,'12/11/2019',428253442),(16,16,'01/08/2019',6084315),(17,17,'10/28/2017',118439852),(18,18,'01/11/2019',141940788),(19,19,'04/17/2018',381107537),(20,20,'12/30/2018',481638238);
INSERT INTO PaymentMaster([PaymentID],[BookingID],[Purchase_date],[Payment_received]) VALUES(21,21,'06/22/2017',208695803),(22,22,'05/16/2019',498998555),(23,23,'07/23/2017',176508442),(24,24,'12/17/2017',396572896),(25,25,'05/06/2020',204668376),(26,26,'12/28/2017',280059468),(27,27,'08/19/2019',266601263),(28,28,'04/08/2019',394304313),(29,29,'05/09/2020',47849939),(30,30,'05/07/2020',80360750);
INSERT INTO PaymentMaster([PaymentID],[BookingID],[Purchase_date],[Payment_received]) VALUES(31,31,'10/07/2018',434070190),(32,32,'09/15/2019',403413988),(33,33,'07/16/2019',499936014),(34,34,'06/18/2018',481644215),(35,35,'06/15/2018',45805722),(36,36,'01/23/2018',103545434),(37,37,'08/28/2017',216445882),(38,38,'06/28/2018',130673667),(39,39,'06/05/2019',117002285),(40,40,'10/27/2017',219942868);
INSERT INTO PaymentMaster([PaymentID],[BookingID],[Purchase_date],[Payment_received]) VALUES(41,41,'06/22/2017',404235490),(42,42,'03/26/2018',246120288),(43,43,'06/21/2018',310466297),(44,44,'12/14/2020',365832584),(45,45,'07/30/2020',52473324),(46,46,'02/25/2019',152145735),(47,47,'08/28/2018',436394517),(48,48,'12/12/2017',413643356),(49,49,'12/08/2020',98124078),(50,50,'03/27/2018',23889142);
INSERT INTO PaymentMaster([PaymentID],[BookingID],[Purchase_date],[Payment_received]) VALUES(51,51,'05/12/2017',352017782),(52,52,'01/05/2020',181340592),(53,53,'07/27/2020',88787290),(54,54,'08/25/2019',217981990),(55,55,'01/17/2017',131870304),(56,56,'05/18/2018',275162711),(57,57,'08/21/2017',162303339),(58,58,'11/13/2019',246102632),(59,59,'04/09/2019',73262654),(60,60,'07/11/2017',425241346);
INSERT INTO PaymentMaster([PaymentID],[BookingID],[Purchase_date],[Payment_received]) VALUES(61,61,'09/08/2020',84828129),(62,62,'01/26/2018',456520732),(63,63,'01/01/2017',345640826),(64,64,'01/29/2020',447231339),(65,65,'12/24/2016',423910596),(66,66,'09/27/2017',206276391),(67,67,'03/20/2020',67120922),(68,68,'09/27/2018',16509316),(69,69,'09/02/2018',260428716),(70,70,'12/03/2018',229797120);
INSERT INTO PaymentMaster([PaymentID],[BookingID],[Purchase_date],[Payment_received]) VALUES(71,71,'06/22/2019',216204523),(72,72,'12/05/2020',451730953),(73,73,'05/10/2019',343611286),(74,74,'06/19/2020',46503036),(75,75,'03/19/2017',172478723),(76,76,'07/04/2018',399828784),(77,77,'11/02/2020',131442065),(78,78,'03/26/2019',318338689),(79,79,'05/08/2018',124889106),(80,80,'05/02/2017',102402692);
INSERT INTO PaymentMaster([PaymentID],[BookingID],[Purchase_date],[Payment_received]) VALUES(81,81,'03/29/2019',162917203),(82,82,'08/11/2020',379198089),(83,83,'07/03/2019',137372910),(84,84,'06/03/2019',293662910),(85,85,'12/04/2017',30157857),(86,86,'07/06/2019',461978667),(87,87,'06/05/2018',209196839),(88,88,'06/20/2017',154768787),(89,89,'11/26/2018',398103318),(90,90,'12/07/2019',323504441);
INSERT INTO PaymentMaster([PaymentID],[BookingID],[Purchase_date],[Payment_received]) VALUES(91,91,'09/01/2017',173150576),(92,92,'10/28/2018',2728554),(93,93,'12/30/2018',51768811),(94,94,'06/28/2020',371821674),(95,95,'06/01/2018',142657643),(96,96,'05/24/2019',86151400),(97,97,'11/20/2020',101836549),(98,98,'12/20/2016',275967998),(99,99,'05/17/2020',76637739),(100,100,'10/29/2019',464549845);

INSERT INTO PaymentMaster([PaymentID],[BookingID],[Purchase_date],[Payment_received]) VALUES(101,101,'03/07/2018',459346625),(102,102,'10/13/2019',13232742),(103,103,'01/05/2018',95400946),(104,104,'11/10/2019',359740953),(105,105,'02/16/2017',74977154),(106,106,'09/28/2017',146775938),(107,107,'07/20/2020',101717949),(108,108,'07/27/2017',1782031),(109,109,'07/04/2017',205600609),(110,110,'11/25/2020',135234095);
INSERT INTO PaymentMaster([PaymentID],[BookingID],[Purchase_date],[Payment_received]) VALUES(111,111,'12/28/2019',267951996),(112,112,'09/17/2017',351871519),(113,113,'12/08/2020',12929505),(114,114,'12/24/2017',37572971),(115,115,'04/02/2018',310748618),(116,116,'07/19/2019',260798010),(117,117,'05/02/2017',318359808),(118,118,'08/09/2017',429968976),(119,119,'10/10/2020',6003340),(120,120,'09/30/2020',328920385);
INSERT INTO PaymentMaster([PaymentID],[BookingID],[Purchase_date],[Payment_received]) VALUES(121,121,'10/22/2017',23478175),(122,122,'10/12/2017',410786205),(123,123,'01/21/2018',261787016),(124,124,'12/14/2018',328545844),(125,125,'07/28/2017',18723629),(126,126,'02/07/2017',489691194),(127,127,'12/27/2019',318820926),(128,128,'03/18/2018',453779791),(129,129,'07/27/2018',127012741),(130,130,'03/30/2017',27617525);
INSERT INTO PaymentMaster([PaymentID],[BookingID],[Purchase_date],[Payment_received]) VALUES(131,131,'03/09/2020',156066000),(132,132,'10/19/2019',492895285),(133,133,'03/26/2017',246581183),(134,134,'01/13/2017',287774665),(135,135,'01/13/2020',66283843),(136,136,'07/25/2020',356897217),(137,137,'06/25/2017',235650707),(138,138,'04/04/2020',95355312),(139,139,'11/04/2017',220576166),(140,140,'11/29/2017',4492230);
INSERT INTO PaymentMaster([PaymentID],[BookingID],[Purchase_date],[Payment_received]) VALUES(141,141,'09/20/2020',334660105),(142,142,'06/27/2017',343501976),(143,143,'06/05/2018',288009950),(144,144,'07/11/2019',391485804),(145,145,'12/26/2019',293631450),(146,146,'08/03/2020',499718296),(147,147,'04/01/2018',414219797),(148,148,'04/23/2018',346175223),(149,149,'08/30/2018',10559692),(150,150,'02/04/2017',122393015);
INSERT INTO PaymentMaster([PaymentID],[BookingID],[Purchase_date],[Payment_received]) VALUES(151,151,'08/14/2018',431587337),(152,152,'08/21/2020',3511335),(153,153,'11/12/2019',211006593),(154,154,'12/12/2019',236038109),(155,155,'03/14/2019',494794899),(156,156,'03/17/2020',254830333),(157,157,'02/01/2019',328409737),(158,158,'01/07/2017',250116510),(159,159,'08/06/2017',317250497),(160,160,'06/22/2017',309629007);
INSERT INTO PaymentMaster([PaymentID],[BookingID],[Purchase_date],[Payment_received]) VALUES(161,161,'12/27/2019',377310938),(162,162,'08/19/2020',487130496),(163,163,'10/02/2020',55594956),(164,164,'11/15/2017',288728726),(165,165,'06/17/2017',251585784),(166,166,'11/27/2018',240315989),(167,167,'04/12/2020',390339563),(168,168,'04/22/2017',147810023),(169,169,'09/24/2018',97896245),(170,170,'03/20/2019',78426400);
INSERT INTO PaymentMaster([PaymentID],[BookingID],[Purchase_date],[Payment_received]) VALUES(171,171,'05/21/2019',437881222),(172,172,'02/18/2019',29934941),(173,173,'03/22/2017',457650104),(174,174,'06/15/2017',190508821),(175,175,'12/29/2017',121438816),(176,176,'12/03/2020',234508211),(177,177,'08/03/2017',423823469),(178,178,'03/07/2018',86671500),(179,179,'09/16/2018',361775036),(180,180,'11/18/2020',397779612);
INSERT INTO PaymentMaster([PaymentID],[BookingID],[Purchase_date],[Payment_received]) VALUES(181,181,'12/20/2016',423150851),(182,182,'05/12/2019',306821501),(183,183,'09/01/2018',176614828),(184,184,'09/21/2020',406146052),(185,185,'11/26/2020',312781108),(186,186,'12/16/2016',180924319),(187,187,'05/20/2019',229600003),(188,188,'12/25/2019',131365859),(189,189,'04/27/2019',286480601),(190,190,'04/25/2019',40137079);
INSERT INTO PaymentMaster([PaymentID],[BookingID],[Purchase_date],[Payment_received]) VALUES(191,191,'12/02/2020',479461270),(192,192,'11/12/2017',421873263),(193,193,'03/22/2017',285701499),(194,194,'12/25/2019',37634553),(195,195,'10/20/2019',457704751),(196,196,'03/18/2019',166203120),(197,197,'09/20/2019',210110869),(198,198,'09/01/2017',77708527),(199,199,'01/06/2020',349386261),(200,200,'09/26/2018',116513938);

INSERT INTO PaymentMaster([PaymentID],[BookingID],[Purchase_date],[Payment_received]) VALUES(201,201,'05/24/2020',32666621),(202,202,'05/22/2017',498196320),(203,203,'04/15/2017',123242289),(204,204,'05/09/2020',473622363),(205,205,'04/03/2018',253989398),(206,206,'09/17/2017',95570565),(207,207,'02/22/2019',180839940),(208,208,'05/10/2018',406771651),(209,209,'06/23/2018',230412955),(210,210,'09/02/2020',393570620);
INSERT INTO PaymentMaster([PaymentID],[BookingID],[Purchase_date],[Payment_received]) VALUES(211,211,'10/23/2017',30859174),(212,212,'01/20/2018',60044535),(213,213,'07/27/2019',313018702),(214,214,'09/23/2020',278794362),(215,215,'03/06/2018',109016428),(216,216,'03/15/2017',191064443),(217,217,'02/28/2018',262542056),(218,218,'10/06/2020',417408113),(219,219,'01/17/2019',114570735),(220,220,'07/31/2020',209251807);
INSERT INTO PaymentMaster([PaymentID],[BookingID],[Purchase_date],[Payment_received]) VALUES(221,221,'12/20/2018',31002911),(222,222,'09/21/2018',250081564),(223,223,'08/31/2018',288203552),(224,224,'04/07/2020',135035020),(225,225,'10/09/2019',59983122),(226,226,'05/18/2020',209128068),(227,227,'09/13/2020',244977591),(228,228,'08/04/2020',65063726),(229,229,'12/04/2018',319184996),(230,230,'03/06/2017',457674579);
INSERT INTO PaymentMaster([PaymentID],[BookingID],[Purchase_date],[Payment_received]) VALUES(231,231,'11/29/2018',134415308),(232,232,'12/05/2018',187513650),(233,233,'04/02/2020',194915486),(234,234,'11/25/2017',155979813),(235,235,'12/17/2017',309508299),(236,236,'06/08/2017',290198132),(237,237,'11/24/2018',14931432),(238,238,'08/03/2018',23755995),(239,239,'02/05/2017',212715666),(240,240,'07/23/2017',496544955);
INSERT INTO PaymentMaster([PaymentID],[BookingID],[Purchase_date],[Payment_received]) VALUES(241,241,'03/10/2017',470432101),(242,242,'10/12/2020',473060179),(243,243,'01/01/2019',176987518),(244,244,'03/12/2018',305645190),(245,245,'09/05/2017',176658324),(246,246,'04/26/2017',47851778),(247,247,'10/04/2017',78248009),(248,248,'12/02/2018',218732921),(249,249,'12/08/2019',5128749),(250,250,'06/05/2018',118043406);
INSERT INTO PaymentMaster([PaymentID],[BookingID],[Purchase_date],[Payment_received]) VALUES(251,251,'02/11/2017',363249346),(252,252,'09/11/2018',442681722),(253,253,'08/10/2018',191154822),(254,254,'10/03/2020',135236765),(255,255,'05/10/2017',23152233),(256,256,'03/22/2018',158140535),(257,257,'07/30/2020',14575658),(258,258,'02/06/2017',424735592),(259,259,'03/17/2019',9159369),(260,260,'03/19/2020',123123823);
INSERT INTO PaymentMaster([PaymentID],[BookingID],[Purchase_date],[Payment_received]) VALUES(261,261,'04/28/2018',437580034),(262,262,'04/23/2017',604688),(263,263,'02/08/2019',334727020),(264,264,'09/21/2019',346290331),(265,265,'06/12/2019',431672798),(266,266,'10/31/2020',408165912),(267,267,'03/25/2018',86997373),(268,268,'05/03/2018',474392732),(269,269,'09/29/2018',8563036),(270,270,'02/11/2018',437544946);
INSERT INTO PaymentMaster([PaymentID],[BookingID],[Purchase_date],[Payment_received]) VALUES(271,271,'02/11/2020',499598055),(272,272,'04/05/2019',317333281),(273,273,'08/18/2020',477684476),(274,274,'06/21/2017',198470907),(275,275,'09/07/2017',245019267),(276,276,'09/02/2020',490980952),(277,277,'06/26/2019',54820509),(278,278,'01/10/2017',353638769),(279,279,'07/25/2020',420684439),(280,280,'04/02/2020',410105037);
INSERT INTO PaymentMaster([PaymentID],[BookingID],[Purchase_date],[Payment_received]) VALUES(281,281,'10/22/2019',401761645),(282,282,'05/09/2019',273131251),(283,283,'02/08/2018',322975488),(284,284,'04/11/2019',391418098),(285,285,'02/12/2019',435453844),(286,286,'08/03/2019',362032591),(287,287,'10/17/2017',186164082),(288,288,'12/05/2019',41624176),(289,289,'03/16/2017',14676032),(290,290,'12/01/2018',93679309);
INSERT INTO PaymentMaster([PaymentID],[BookingID],[Purchase_date],[Payment_received]) VALUES(291,291,'01/09/2020',81006111),(292,292,'11/07/2017',204458107),(293,293,'06/21/2018',449066123),(294,294,'05/27/2020',75620466),(295,295,'05/30/2018',336504268),(296,296,'03/01/2017',105535512),(297,297,'04/19/2020',386243017),(298,298,'06/12/2019',196673713),(299,299,'09/12/2019',106759816),(300,300,'03/31/2018',153035000);


INSERT INTO RentMaster([RentID],[PropertyID],[Starting_date],[Ending_date],[ClientID],[Rent_price]) VALUES(1,359,'11/14/2018','07/18/2020',26,39513),(2,331,'02/18/2017','11/17/2020',54,79225),(3,423,'03/30/2017','06/06/2020',6,29293),(4,407,'07/31/2017','05/10/2020',58,47272),(5,351,'09/15/2017','04/28/2019',31,43041),(6,409,'06/02/2017','11/25/2019',48,40580),(7,309,'03/12/2017','09/20/2020',65,38506),(8,515,'08/13/2018','12/08/2020',30,77372),(9,540,'12/18/2017','10/23/2019',10,19958),(10,304,'08/05/2017','07/26/2020',66,64367);
INSERT INTO RentMaster([RentID],[PropertyID],[Starting_date],[Ending_date],[ClientID],[Rent_price]) VALUES(11,426,'06/16/2017','03/12/2019',75,54678),(12,424,'07/23/2018','03/13/2019',93,22424),(13,453,'09/05/2017','01/27/2019',52,26483),(14,382,'01/21/2017','09/08/2019',89,60852),(15,565,'07/18/2018','05/15/2020',58,68744),(16,584,'01/07/2017','01/05/2019',75,51202),(17,574,'11/13/2018','12/23/2019',68,11526),(18,396,'11/29/2018','12/18/2020',99,77327),(19,535,'11/26/2018','08/04/2019',63,42449),(20,534,'09/03/2018','03/12/2019',42,45016);
INSERT INTO RentMaster([RentID],[PropertyID],[Starting_date],[Ending_date],[ClientID],[Rent_price]) VALUES(21,543,'04/18/2018','04/11/2019',73,48333),(22,553,'05/02/2017','09/26/2019',92,19665),(23,360,'10/24/2017','11/18/2020',18,13868),(24,514,'04/24/2018','08/23/2019',54,24111),(25,467,'06/07/2017','12/27/2018',64,69929),(26,485,'05/03/2017','10/11/2020',64,28358),(27,321,'05/27/2018','10/07/2019',65,57031),(28,534,'06/08/2017','11/20/2020',27,38577),(29,490,'05/12/2017','03/07/2020',18,29801),(30,464,'08/04/2017','05/14/2019',29,15784);
INSERT INTO RentMaster([RentID],[PropertyID],[Starting_date],[Ending_date],[ClientID],[Rent_price]) VALUES(31,472,'10/11/2018','07/04/2020',16,19312),(32,507,'10/12/2018','07/27/2019',5,12114),(33,598,'01/11/2017','06/18/2019',13,66139),(34,440,'03/28/2018','05/20/2020',91,53270),(35,418,'02/13/2018','12/11/2020',76,24544),(36,496,'09/09/2018','04/04/2020',51,32209),(37,411,'03/06/2017','07/04/2020',8,67083),(38,462,'11/01/2018','12/07/2019',89,16249),(39,429,'04/25/2018','03/15/2019',69,71239),(40,482,'11/03/2018','06/04/2020',16,38392);
INSERT INTO RentMaster([RentID],[PropertyID],[Starting_date],[Ending_date],[ClientID],[Rent_price]) VALUES(41,431,'12/01/2018','09/18/2020',63,74426),(42,575,'01/22/2017','07/22/2020',43,62273),(43,365,'01/28/2018','06/18/2019',93,41931),(44,302,'06/10/2017','08/27/2019',99,14988),(45,497,'09/19/2018','07/24/2019',23,76504),(46,531,'02/07/2017','02/22/2020',78,61771),(47,390,'10/07/2018','08/18/2020',69,55396),(48,579,'11/15/2018','03/30/2019',24,10424),(49,437,'11/07/2017','04/11/2019',82,68219),(50,569,'02/27/2018','01/01/2019',31,56006);
INSERT INTO RentMaster([RentID],[PropertyID],[Starting_date],[Ending_date],[ClientID],[Rent_price]) VALUES(51,386,'01/15/2017','09/14/2020',18,50070),(52,358,'05/17/2018','12/29/2019',53,51875),(53,498,'09/18/2018','06/21/2019',33,51603),(54,470,'10/16/2018','09/06/2020',59,75207),(55,553,'08/06/2018','06/16/2020',61,16467),(56,469,'09/27/2017','09/17/2020',26,40862),(57,382,'04/05/2018','09/25/2020',66,12159),(58,420,'07/10/2017','05/12/2019',70,20869),(59,333,'06/07/2018','08/17/2019',47,39187),(60,492,'09/02/2018','09/20/2019',9,50811);
INSERT INTO RentMaster([RentID],[PropertyID],[Starting_date],[Ending_date],[ClientID],[Rent_price]) VALUES(61,593,'01/10/2017','12/06/2020',2,68633),(62,464,'11/15/2018','07/18/2019',80,34721),(63,466,'11/19/2017','06/27/2020',61,47469),(64,386,'11/04/2017','06/01/2020',94,57747),(65,514,'03/12/2018','09/01/2019',29,51502),(66,407,'08/02/2017','10/21/2019',98,20634),(67,323,'06/03/2017','04/25/2019',59,48778),(68,578,'12/31/2017','08/12/2019',54,29738),(69,350,'12/21/2017','08/16/2019',76,79302),(70,308,'11/11/2017','07/23/2020',64,31631);
INSERT INTO RentMaster([RentID],[PropertyID],[Starting_date],[Ending_date],[ClientID],[Rent_price]) VALUES(71,358,'08/22/2017','08/01/2020',21,68249),(72,381,'07/06/2017','12/23/2018',4,71841),(73,402,'04/23/2018','10/08/2019',87,65095),(74,395,'05/25/2018','05/12/2020',34,36268),(75,388,'04/11/2018','02/22/2020',65,77330),(76,569,'03/20/2017','07/21/2019',86,54865),(77,585,'01/18/2017','06/04/2020',52,79623),(78,336,'05/09/2018','09/18/2020',26,14685),(79,463,'04/17/2017','03/18/2020',86,33846),(80,546,'03/14/2017','03/17/2020',70,52702);
INSERT INTO RentMaster([RentID],[PropertyID],[Starting_date],[Ending_date],[ClientID],[Rent_price]) VALUES(81,354,'06/11/2018','10/07/2020',67,24466),(82,331,'01/28/2018','01/19/2019',86,51656),(83,345,'09/29/2017','08/22/2019',5,24471),(84,455,'05/15/2018','01/20/2020',14,58074),(85,509,'08/27/2017','09/07/2019',40,60016),(86,401,'12/05/2018','06/12/2020',15,46710),(87,546,'04/19/2017','02/10/2019',59,69428),(88,482,'08/12/2017','03/07/2020',65,78733),(89,451,'02/18/2017','04/25/2019',23,34444),(90,489,'12/02/2017','08/04/2019',98,69723);
INSERT INTO RentMaster([RentID],[PropertyID],[Starting_date],[Ending_date],[ClientID],[Rent_price]) VALUES(91,511,'07/31/2017','08/23/2019',98,21131),(92,446,'12/21/2016','03/24/2020',98,42627),(93,445,'05/06/2018','01/10/2019',61,42921),(94,511,'11/22/2018','08/01/2019',77,58353),(95,497,'06/30/2018','07/14/2019',75,77678),(96,335,'06/27/2018','02/04/2019',93,63842),(97,460,'03/14/2017','10/26/2020',97,68197),(98,597,'05/13/2018','10/11/2019',93,38531),(99,579,'02/22/2017','10/19/2020',83,73453),(100,329,'08/24/2017','12/20/2020',23,42043);

INSERT INTO RentMaster([RentID],[PropertyID],[Starting_date],[Ending_date],[ClientID],[Rent_price]) VALUES(101,304,'05/29/2017','12/09/2019',38,68909),(102,373,'06/05/2017','04/15/2019',96,37006),(103,469,'01/27/2018','01/09/2020',72,61518),(104,339,'10/19/2017','08/17/2019',21,39332),(105,593,'06/03/2018','06/25/2019',4,11965),(106,462,'07/22/2018','09/15/2020',28,56642),(107,538,'03/09/2017','11/02/2019',34,68752),(108,535,'03/11/2018','03/03/2020',5,62403),(109,512,'09/28/2017','08/02/2019',75,79082),(110,472,'01/19/2018','12/06/2019',65,39904);
INSERT INTO RentMaster([RentID],[PropertyID],[Starting_date],[Ending_date],[ClientID],[Rent_price]) VALUES(111,349,'08/18/2018','02/22/2020',61,14623),(112,336,'04/01/2017','05/12/2020',52,66312),(113,305,'02/15/2017','05/23/2019',34,33343),(114,412,'09/09/2018','11/30/2020',11,24791),(115,574,'07/13/2018','04/25/2019',13,32642),(116,565,'12/22/2017','07/22/2019',13,72271),(117,351,'09/25/2017','11/09/2019',81,65568),(118,304,'09/30/2017','10/22/2020',75,49693),(119,441,'05/10/2018','08/24/2019',88,75516),(120,302,'03/03/2018','02/20/2019',38,24297);
INSERT INTO RentMaster([RentID],[PropertyID],[Starting_date],[Ending_date],[ClientID],[Rent_price]) VALUES(121,406,'10/05/2017','01/25/2020',77,21689),(122,497,'09/26/2017','02/17/2020',21,10224),(123,424,'10/25/2018','09/21/2020',82,14732),(124,436,'03/22/2017','09/16/2020',14,33941),(125,399,'11/23/2017','07/16/2019',5,15921),(126,347,'05/12/2017','07/23/2019',42,60520),(127,465,'04/29/2018','12/16/2019',74,10486),(128,431,'10/20/2017','09/28/2020',94,21074),(129,599,'05/22/2018','06/16/2020',52,62189),(130,490,'08/16/2018','08/07/2019',71,21357);
INSERT INTO RentMaster([RentID],[PropertyID],[Starting_date],[Ending_date],[ClientID],[Rent_price]) VALUES(131,353,'07/30/2018','02/28/2019',16,12136),(132,417,'01/05/2017','05/26/2019',29,57310),(133,454,'05/18/2018','02/12/2020',51,75636),(134,320,'12/05/2018','08/05/2020',68,14947),(135,416,'10/31/2018','02/28/2019',69,42725),(136,599,'10/15/2017','04/03/2020',78,69731),(137,538,'10/24/2018','06/25/2020',3,75779),(138,500,'10/09/2017','06/13/2019',81,36011),(139,342,'09/25/2018','01/05/2019',38,26437),(140,503,'07/07/2017','11/02/2019',28,60303);
INSERT INTO RentMaster([RentID],[PropertyID],[Starting_date],[Ending_date],[ClientID],[Rent_price]) VALUES(141,531,'04/17/2018','10/18/2020',90,68730),(142,471,'01/18/2017','10/04/2019',15,78162),(143,407,'04/21/2018','12/03/2019',79,79198),(144,548,'11/03/2018','09/18/2020',6,72399),(145,528,'05/05/2018','09/03/2020',24,48161),(146,305,'06/01/2018','05/28/2020',13,38685),(147,400,'03/14/2018','05/05/2019',95,76130),(148,310,'11/26/2018','04/19/2020',77,18292),(149,551,'12/16/2016','09/16/2020',5,61897),(150,485,'01/28/2018','08/06/2020',57,61790);
INSERT INTO RentMaster([RentID],[PropertyID],[Starting_date],[Ending_date],[ClientID],[Rent_price]) VALUES(151,322,'03/15/2017','12/06/2019',60,71780),(152,569,'09/11/2018','07/10/2020',43,61271),(153,490,'06/20/2017','09/10/2019',72,53112),(154,495,'11/13/2018','09/25/2020',99,39442),(155,426,'03/24/2017','05/26/2019',25,45341),(156,399,'03/23/2017','06/26/2019',69,30211),(157,428,'12/09/2017','03/28/2019',7,17699),(158,308,'10/24/2017','12/09/2020',3,33072),(159,423,'11/15/2017','03/16/2019',16,31362),(160,598,'02/17/2018','10/30/2019',6,67828);
INSERT INTO RentMaster([RentID],[PropertyID],[Starting_date],[Ending_date],[ClientID],[Rent_price]) VALUES(161,509,'07/16/2018','03/18/2019',41,42403),(162,554,'05/07/2017','06/28/2019',81,61338),(163,598,'08/06/2017','07/21/2020',88,24676),(164,518,'10/12/2017','07/16/2019',4,37984),(165,403,'01/24/2017','05/30/2020',92,26755),(166,524,'08/20/2018','06/24/2019',38,77096),(167,410,'09/05/2018','05/07/2019',34,22797),(168,542,'05/14/2018','04/11/2019',84,76110),(169,398,'06/06/2017','07/16/2020',93,26022),(170,326,'10/17/2017','07/14/2020',4,11515);
INSERT INTO RentMaster([RentID],[PropertyID],[Starting_date],[Ending_date],[ClientID],[Rent_price]) VALUES(171,366,'08/25/2018','02/18/2020',10,61122),(172,304,'03/06/2017','06/26/2020',66,52098),(173,366,'11/02/2018','12/24/2019',1,46911),(174,509,'11/25/2018','08/19/2020',91,42728),(175,433,'07/06/2018','09/30/2020',60,51585),(176,317,'12/18/2017','04/02/2019',3,28979),(177,436,'05/24/2017','05/19/2020',48,10974),(178,474,'11/21/2017','05/25/2019',32,45040),(179,583,'02/17/2018','01/01/2019',45,12424),(180,573,'02/19/2017','06/16/2020',92,17637);
INSERT INTO RentMaster([RentID],[PropertyID],[Starting_date],[Ending_date],[ClientID],[Rent_price]) VALUES(181,399,'02/19/2017','12/07/2019',26,10973),(182,381,'01/17/2017','07/31/2020',12,74265),(183,376,'12/02/2017','01/29/2020',89,29873),(184,557,'02/03/2017','12/15/2019',13,18503),(185,590,'09/28/2017','03/01/2019',80,10413),(186,405,'05/26/2018','10/19/2020',71,75002),(187,447,'07/01/2017','12/25/2019',33,63261),(188,544,'09/06/2017','09/20/2020',12,51654),(189,424,'10/25/2017','03/09/2019',88,10709),(190,457,'05/12/2017','06/17/2019',97,23078);
INSERT INTO RentMaster([RentID],[PropertyID],[Starting_date],[Ending_date],[ClientID],[Rent_price]) VALUES(191,593,'04/23/2018','01/23/2019',40,23812),(192,491,'05/18/2018','05/18/2019',43,10695),(193,456,'11/13/2017','09/14/2019',5,78628),(194,522,'09/16/2017','06/15/2020',47,14473),(195,513,'03/10/2018','07/11/2020',43,76427),(196,539,'03/13/2018','09/05/2019',13,46058),(197,509,'08/13/2017','07/20/2019',6,34395),(198,460,'06/26/2018','07/10/2019',5,71405),(199,374,'07/07/2018','11/15/2020',43,74875),(200,365,'11/13/2017','10/26/2019',81,56013);

INSERT INTO RentMaster([RentID],[PropertyID],[Starting_date],[Ending_date],[ClientID],[Rent_price]) VALUES(201,413,'01/11/2018','02/25/2020',64,12733),(202,521,'01/07/2017','08/15/2019',34,38570),(203,496,'09/01/2018','03/19/2020',94,24212),(204,524,'01/25/2017','06/23/2020',6,33090),(205,311,'06/15/2018','04/01/2019',68,24039),(206,459,'04/30/2017','01/16/2020',96,55269),(207,301,'05/04/2018','08/24/2019',77,27531),(208,447,'05/22/2017','04/27/2020',38,35458),(209,406,'10/04/2018','02/28/2019',20,46212),(210,543,'05/26/2018','02/14/2020',43,11653);
INSERT INTO RentMaster([RentID],[PropertyID],[Starting_date],[Ending_date],[ClientID],[Rent_price]) VALUES(211,593,'09/21/2017','08/07/2019',11,46946),(212,521,'09/11/2017','12/06/2019',40,51721),(213,446,'04/19/2017','12/25/2019',46,32360),(214,515,'01/26/2018','10/24/2019',24,29353),(215,402,'04/11/2017','07/31/2020',21,11217),(216,421,'07/11/2017','05/10/2019',60,30322),(217,570,'06/10/2018','05/05/2019',27,25082),(218,320,'11/16/2017','08/17/2019',42,47907),(219,310,'01/06/2017','02/10/2019',53,44909),(220,303,'05/22/2018','04/23/2019',89,14514);
INSERT INTO RentMaster([RentID],[PropertyID],[Starting_date],[Ending_date],[ClientID],[Rent_price]) VALUES(221,388,'06/19/2017','12/21/2019',18,54140),(222,416,'11/08/2017','04/27/2019',94,17142),(223,480,'07/25/2017','02/15/2020',10,65622),(224,377,'08/10/2018','03/04/2019',27,64885),(225,413,'11/10/2017','02/08/2019',60,19253),(226,388,'11/25/2017','10/22/2020',80,45194),(227,427,'08/28/2017','02/23/2019',52,62722),(228,461,'07/31/2018','12/02/2020',44,51380),(229,460,'06/19/2018','02/23/2020',71,62025),(230,400,'02/18/2018','07/21/2020',82,10756);
INSERT INTO RentMaster([RentID],[PropertyID],[Starting_date],[Ending_date],[ClientID],[Rent_price]) VALUES(231,502,'03/24/2018','10/05/2020',43,18924),(232,361,'10/24/2017','11/08/2020',66,68403),(233,306,'02/26/2018','05/07/2019',90,17645),(234,572,'12/02/2017','03/28/2019',73,60986),(235,415,'06/11/2018','05/23/2019',42,61211),(236,409,'08/05/2018','07/18/2020',96,72484),(237,389,'01/31/2018','06/08/2019',57,51747),(238,325,'09/14/2017','04/12/2019',27,31908),(239,353,'07/02/2018','10/26/2019',16,70814),(240,445,'01/16/2017','12/12/2019',2,26910);
INSERT INTO RentMaster([RentID],[PropertyID],[Starting_date],[Ending_date],[ClientID],[Rent_price]) VALUES(241,477,'03/22/2018','10/07/2019',35,25892),(242,349,'12/21/2016','09/20/2019',24,44746),(243,360,'01/13/2017','12/05/2019',41,45267),(244,583,'01/29/2017','11/13/2020',1,18889),(245,441,'03/26/2017','12/10/2020',35,73526),(246,530,'02/20/2018','01/08/2020',12,77781),(247,381,'12/20/2016','04/04/2019',65,66372),(248,444,'03/04/2018','02/11/2020',96,38947),(249,315,'05/12/2017','04/15/2019',49,28950),(250,465,'12/17/2017','11/10/2020',95,13609);
INSERT INTO RentMaster([RentID],[PropertyID],[Starting_date],[Ending_date],[ClientID],[Rent_price]) VALUES(251,549,'02/16/2018','08/31/2019',49,57662),(252,356,'06/09/2018','04/12/2019',66,76283),(253,495,'10/10/2017','12/17/2019',30,33547),(254,312,'05/05/2018','12/14/2019',86,79122),(255,498,'07/15/2017','03/17/2020',47,22988),(256,474,'01/29/2017','12/04/2019',18,66690),(257,546,'08/17/2017','10/05/2019',66,42172),(258,449,'01/30/2018','11/06/2020',75,10690),(259,315,'10/04/2018','06/23/2019',56,45412),(260,326,'04/16/2018','05/17/2019',59,12268);
INSERT INTO RentMaster([RentID],[PropertyID],[Starting_date],[Ending_date],[ClientID],[Rent_price]) VALUES(261,332,'05/21/2017','03/30/2019',14,68923),(262,446,'10/23/2017','03/15/2020',15,61535),(263,369,'10/22/2017','09/12/2020',2,34856),(264,532,'08/22/2018','03/13/2019',45,70450),(265,337,'06/21/2017','12/27/2019',65,63043),(266,387,'12/06/2017','03/10/2020',64,58378),(267,369,'01/22/2018','06/27/2020',75,70264),(268,582,'05/04/2018','04/22/2020',72,40713),(269,527,'04/01/2018','10/03/2020',80,63979),(270,453,'08/06/2018','04/22/2020',90,38180);
INSERT INTO RentMaster([RentID],[PropertyID],[Starting_date],[Ending_date],[ClientID],[Rent_price]) VALUES(271,570,'08/07/2018','06/06/2020',40,43350),(272,515,'08/03/2018','12/01/2019',63,74489),(273,411,'10/02/2017','11/26/2020',43,37400),(274,549,'04/28/2018','09/25/2020',96,12318),(275,512,'02/27/2017','12/26/2019',15,53821),(276,366,'10/29/2018','02/09/2019',25,41609),(277,522,'05/27/2017','05/21/2019',2,69792),(278,309,'04/05/2017','02/18/2020',73,45506),(279,585,'01/27/2017','10/14/2020',85,73219),(280,483,'12/31/2017','12/29/2018',79,31221);
INSERT INTO RentMaster([RentID],[PropertyID],[Starting_date],[Ending_date],[ClientID],[Rent_price]) VALUES(281,456,'10/27/2018','04/13/2020',93,53860),(282,496,'07/24/2017','01/31/2020',75,70926),(283,541,'06/23/2017','08/16/2020',69,71674),(284,419,'08/06/2017','08/08/2019',6,24038),(285,495,'09/17/2017','10/03/2020',49,70022),(286,448,'05/27/2017','04/09/2019',67,24301),(287,591,'11/22/2017','04/13/2019',97,79425),(288,595,'03/16/2017','10/08/2019',86,41799),(289,339,'12/29/2016','11/20/2019',36,34658),(290,546,'05/18/2018','01/18/2020',12,55274);
INSERT INTO RentMaster([RentID],[PropertyID],[Starting_date],[Ending_date],[ClientID],[Rent_price]) VALUES(291,572,'05/03/2017','07/12/2019',50,49850),(292,573,'12/11/2017','12/05/2020',96,74896),(293,527,'06/17/2017','04/20/2019',88,48300),(294,510,'12/29/2016','09/26/2019',48,14169),(295,566,'05/23/2018','05/19/2019',90,16135),(296,472,'08/20/2017','07/18/2020',100,64542),(297,476,'05/16/2018','10/20/2019',26,63723),(298,506,'11/28/2018','03/27/2020',36,45779),(299,366,'01/09/2018','10/23/2019',34,24522),(300,344,'07/26/2017','02/24/2019',67,61209);

INSERT INTO RentMaster([RentID],[PropertyID],[Starting_date],[Ending_date],[ClientID],[Rent_price]) VALUES(301,330,'02/27/2018','11/25/2020',75,42062),(302,423,'05/20/2018','05/10/2020',7,18528),(303,393,'03/03/2018','09/30/2020',75,46276),(304,339,'11/22/2018','08/06/2019',72,66462),(305,557,'08/21/2018','02/02/2019',73,18243),(306,508,'08/04/2017','03/31/2020',4,18553),(307,485,'06/03/2017','02/01/2019',55,79335),(308,325,'04/17/2017','12/09/2020',88,19198),(309,342,'02/03/2018','11/15/2020',32,45740),(310,377,'09/16/2018','08/20/2019',62,32735);
INSERT INTO RentMaster([RentID],[PropertyID],[Starting_date],[Ending_date],[ClientID],[Rent_price]) VALUES(311,497,'04/12/2017','07/22/2020',51,52044),(312,480,'08/03/2017','05/06/2020',7,69204),(313,523,'12/17/2016','01/08/2019',74,27969),(314,388,'12/21/2016','07/19/2019',90,62998),(315,357,'11/29/2017','05/09/2020',35,25028),(316,403,'09/07/2018','03/15/2020',84,45611),(317,301,'03/16/2018','08/15/2020',87,78769),(318,374,'05/17/2018','12/17/2020',82,58007),(319,366,'05/28/2018','04/22/2020',78,13092),(320,536,'05/05/2017','11/18/2019',18,42266);
INSERT INTO RentMaster([RentID],[PropertyID],[Starting_date],[Ending_date],[ClientID],[Rent_price]) VALUES(321,307,'08/01/2017','11/05/2019',38,54133),(322,310,'11/17/2017','12/17/2020',48,22033),(323,545,'01/12/2018','04/07/2020',74,50390),(324,342,'02/23/2017','10/25/2019',81,52776),(325,477,'08/15/2017','10/02/2020',46,40282),(326,311,'07/12/2018','09/04/2019',49,33945),(327,577,'10/22/2018','09/08/2020',65,76722),(328,419,'11/01/2017','02/22/2019',80,59770),(329,406,'05/02/2018','03/28/2020',6,31674),(330,479,'10/28/2017','06/30/2020',88,49589);
INSERT INTO RentMaster([RentID],[PropertyID],[Starting_date],[Ending_date],[ClientID],[Rent_price]) VALUES(331,366,'01/11/2018','12/26/2018',64,40317),(332,408,'09/27/2017','11/03/2020',28,57171),(333,390,'05/30/2017','02/28/2020',91,63343),(334,435,'07/07/2018','09/04/2019',94,28061),(335,430,'12/17/2016','06/29/2020',94,31808),(336,404,'09/18/2017','11/19/2020',53,56848),(337,344,'01/08/2018','11/30/2019',28,29676),(338,535,'05/15/2018','06/30/2019',94,31947),(339,501,'07/27/2018','05/04/2019',89,58119),(340,363,'02/24/2017','04/10/2019',80,46923);
INSERT INTO RentMaster([RentID],[PropertyID],[Starting_date],[Ending_date],[ClientID],[Rent_price]) VALUES(341,528,'07/07/2018','03/11/2020',32,78227),(342,543,'01/09/2018','08/29/2019',15,49760),(343,550,'04/06/2018','02/13/2020',58,78779),(344,382,'04/27/2018','01/06/2019',7,59075),(345,595,'08/16/2018','01/22/2019',64,36810),(346,409,'11/25/2018','07/14/2020',17,44401),(347,461,'07/04/2018','11/22/2020',97,64421),(348,523,'04/07/2018','05/29/2019',68,22727),(349,387,'10/28/2017','04/12/2020',89,34065),(350,395,'08/26/2017','01/12/2020',79,23512);
INSERT INTO RentMaster([RentID],[PropertyID],[Starting_date],[Ending_date],[ClientID],[Rent_price]) VALUES(351,531,'08/07/2018','03/05/2020',77,74828),(352,398,'04/23/2017','12/20/2020',54,29238),(353,346,'02/22/2017','01/09/2019',20,14614),(354,432,'08/08/2018','08/30/2019',55,31417),(355,391,'06/02/2017','10/29/2019',32,45251),(356,529,'05/05/2018','10/12/2019',79,41268),(357,403,'07/31/2017','11/06/2019',85,63738),(358,370,'09/30/2017','01/30/2020',61,50962),(359,361,'11/21/2018','12/23/2019',66,21411),(360,531,'12/02/2017','08/26/2019',66,76531);
INSERT INTO RentMaster([RentID],[PropertyID],[Starting_date],[Ending_date],[ClientID],[Rent_price]) VALUES(361,319,'06/12/2017','09/06/2019',84,16341),(362,530,'04/23/2018','12/15/2020',74,76063),(363,495,'12/19/2016','07/14/2019',73,43803),(364,423,'03/11/2017','06/20/2019',40,10715),(365,479,'03/20/2017','08/19/2019',24,59581),(366,532,'04/08/2017','07/16/2019',41,11944),(367,420,'11/21/2018','07/25/2019',2,66128),(368,346,'03/12/2017','01/02/2020',82,14974),(369,311,'11/16/2017','12/24/2019',14,69588),(370,558,'03/13/2017','05/16/2020',53,74259);
INSERT INTO RentMaster([RentID],[PropertyID],[Starting_date],[Ending_date],[ClientID],[Rent_price]) VALUES(371,552,'07/18/2018','12/29/2018',26,75877),(372,493,'06/05/2017','07/08/2020',35,65303),(373,317,'10/24/2018','05/30/2019',36,28069),(374,352,'03/30/2017','07/04/2020',81,68327),(375,455,'10/10/2018','09/10/2020',33,54986),(376,356,'08/06/2018','08/26/2019',43,68721),(377,407,'03/16/2018','11/30/2020',71,56061),(378,413,'10/12/2018','09/01/2019',80,69635),(379,319,'08/03/2018','10/13/2020',57,25506),(380,374,'04/11/2017','07/15/2019',15,66796);
INSERT INTO RentMaster([RentID],[PropertyID],[Starting_date],[Ending_date],[ClientID],[Rent_price]) VALUES(381,352,'01/26/2017','07/08/2019',93,75281),(382,359,'12/27/2016','06/03/2020',94,36175),(383,539,'10/12/2017','03/21/2019',87,27556),(384,509,'01/03/2018','07/01/2019',98,13178),(385,395,'10/11/2017','02/06/2020',93,70065),(386,388,'11/16/2017','09/07/2020',32,30731),(387,351,'01/06/2017','06/01/2020',60,58302),(388,370,'06/14/2017','07/05/2020',20,27501),(389,498,'12/21/2017','10/27/2019',86,37676),(390,337,'01/22/2017','05/06/2020',23,75020);
INSERT INTO RentMaster([RentID],[PropertyID],[Starting_date],[Ending_date],[ClientID],[Rent_price]) VALUES(391,322,'11/04/2017','12/17/2019',29,55353),(392,584,'07/07/2017','05/03/2020',15,50187),(393,500,'10/10/2018','11/19/2019',24,68220),(394,587,'10/26/2017','11/04/2019',77,51135),(395,316,'10/12/2017','05/07/2019',94,26559),(396,543,'02/06/2018','02/13/2019',75,40860),(397,350,'04/25/2017','03/22/2020',70,11927),(398,504,'07/15/2018','09/22/2020',37,63406),(399,442,'08/21/2018','09/18/2020',1,69596),(400,588,'12/19/2016','05/19/2019',98,32794);

INSERT INTO RentMaster([RentID],[PropertyID],[Starting_date],[Ending_date],[ClientID],[Rent_price]) VALUES(401,500,'05/31/2017','12/15/2019',59,74267),(402,433,'05/22/2017','05/19/2020',99,37115),(403,521,'10/24/2018','03/20/2019',100,20413),(404,459,'07/16/2017','03/04/2020',79,75832),(405,336,'01/14/2017','12/26/2019',57,46671),(406,584,'05/29/2017','06/22/2019',27,71677),(407,425,'07/19/2018','07/24/2019',48,35767),(408,447,'10/18/2018','04/01/2019',100,14784),(409,398,'03/15/2017','12/18/2020',14,21117),(410,327,'07/19/2017','02/18/2020',44,35835);
INSERT INTO RentMaster([RentID],[PropertyID],[Starting_date],[Ending_date],[ClientID],[Rent_price]) VALUES(411,363,'02/23/2018','01/28/2019',16,63887),(412,364,'11/14/2017','12/25/2018',91,27079),(413,439,'10/09/2018','09/17/2019',64,70142),(414,565,'06/07/2018','10/01/2019',43,24516),(415,470,'01/02/2017','08/03/2020',35,22618),(416,438,'04/14/2018','04/17/2019',69,26473),(417,600,'08/02/2017','02/03/2020',82,24182),(418,534,'08/25/2018','11/02/2020',38,32141),(419,586,'10/05/2018','11/09/2019',90,64487),(420,555,'06/06/2017','11/29/2019',46,30866);
INSERT INTO RentMaster([RentID],[PropertyID],[Starting_date],[Ending_date],[ClientID],[Rent_price]) VALUES(421,339,'05/27/2018','12/05/2020',100,73817),(422,455,'09/21/2018','06/15/2020',13,35865),(423,447,'08/16/2018','06/20/2020',3,68408),(424,414,'09/16/2018','09/18/2019',28,29422),(425,475,'11/03/2017','04/14/2020',14,17260),(426,548,'10/12/2017','02/28/2019',43,38028),(427,342,'04/21/2017','01/22/2019',98,39016),(428,543,'05/05/2018','09/21/2019',47,54918),(429,328,'05/04/2017','08/02/2019',100,71718),(430,432,'08/30/2018','06/23/2019',44,48736);
INSERT INTO RentMaster([RentID],[PropertyID],[Starting_date],[Ending_date],[ClientID],[Rent_price]) VALUES(431,365,'07/29/2017','11/18/2019',78,54547),(432,598,'01/22/2017','06/28/2019',95,12183),(433,559,'09/24/2018','03/18/2019',33,39579),(434,560,'04/02/2017','11/17/2020',37,24889),(435,506,'02/22/2018','09/06/2019',37,37434),(436,559,'08/04/2017','02/16/2020',33,39205),(437,349,'09/22/2018','02/22/2020',18,49593),(438,572,'03/17/2017','05/24/2019',97,34822),(439,446,'07/08/2017','11/01/2019',57,52347),(440,414,'10/08/2018','04/25/2019',25,59135);
INSERT INTO RentMaster([RentID],[PropertyID],[Starting_date],[Ending_date],[ClientID],[Rent_price]) VALUES(441,354,'06/03/2018','11/10/2020',3,73590),(442,361,'08/31/2018','04/01/2020',45,67950),(443,337,'10/18/2018','11/14/2019',45,22743),(444,416,'04/25/2018','10/25/2020',51,47572),(445,372,'11/10/2018','06/10/2019',45,37884),(446,428,'11/25/2018','06/10/2019',6,49671),(447,526,'09/22/2018','09/29/2020',100,43648),(448,332,'09/20/2017','02/05/2019',21,33050),(449,507,'03/01/2018','01/19/2019',100,77257),(450,360,'05/25/2018','07/01/2019',76,20261);
INSERT INTO RentMaster([RentID],[PropertyID],[Starting_date],[Ending_date],[ClientID],[Rent_price]) VALUES(451,466,'02/25/2017','04/11/2019',96,33164),(452,408,'02/16/2018','01/11/2020',80,66370),(453,369,'09/05/2017','02/14/2019',57,24488),(454,316,'01/05/2017','04/21/2019',97,67942),(455,435,'12/06/2017','01/31/2019',8,68409),(456,429,'07/12/2018','01/02/2019',87,63197),(457,423,'05/19/2018','10/21/2019',87,18836),(458,461,'05/12/2017','10/21/2020',64,17645),(459,395,'08/07/2018','08/16/2019',4,44036),(460,394,'01/07/2018','02/10/2019',13,61463);
INSERT INTO RentMaster([RentID],[PropertyID],[Starting_date],[Ending_date],[ClientID],[Rent_price]) VALUES(461,598,'06/29/2018','07/02/2020',39,35438),(462,550,'03/17/2018','12/02/2020',4,41993),(463,479,'06/03/2017','11/25/2020',7,77751),(464,583,'01/13/2017','04/01/2020',52,75349),(465,400,'07/22/2018','10/28/2019',60,54486),(466,433,'01/29/2017','08/07/2020',29,32350),(467,500,'09/09/2018','02/13/2020',64,40459),(468,566,'09/14/2018','01/02/2019',52,20699),(469,449,'12/03/2017','01/08/2019',19,59003),(470,355,'04/29/2018','07/02/2020',46,18724);
INSERT INTO RentMaster([RentID],[PropertyID],[Starting_date],[Ending_date],[ClientID],[Rent_price]) VALUES(471,519,'10/06/2017','04/03/2019',50,10771),(472,318,'10/04/2018','05/26/2019',6,25486),(473,477,'11/04/2018','01/25/2020',12,28613),(474,573,'07/26/2018','09/22/2020',13,32646),(475,382,'03/06/2017','03/06/2019',58,55148),(476,308,'01/30/2017','12/13/2020',40,35042),(477,519,'11/07/2017','04/27/2020',2,12671),(478,359,'03/08/2018','12/23/2019',88,15557),(479,348,'10/04/2018','09/19/2019',38,47007),(480,507,'06/14/2018','10/01/2020',35,39723);
INSERT INTO RentMaster([RentID],[PropertyID],[Starting_date],[Ending_date],[ClientID],[Rent_price]) VALUES(481,426,'04/25/2018','06/14/2019',50,67431),(482,304,'09/22/2018','08/02/2020',89,67598),(483,383,'02/18/2017','08/20/2019',63,68303),(484,579,'10/04/2017','07/21/2019',82,49080),(485,527,'12/10/2017','11/14/2020',13,66669),(486,551,'05/18/2018','06/26/2020',40,24254),(487,534,'08/05/2017','08/03/2020',52,43824),(488,418,'08/27/2017','12/09/2019',16,47140),(489,468,'06/21/2017','02/09/2020',57,21152),(490,590,'12/05/2017','07/22/2019',58,63277);
INSERT INTO RentMaster([RentID],[PropertyID],[Starting_date],[Ending_date],[ClientID],[Rent_price]) VALUES(491,489,'04/20/2017','07/12/2020',54,51451),(492,311,'12/20/2017','01/13/2019',3,63660),(493,474,'01/15/2018','02/07/2019',54,29042),(494,405,'11/28/2018','04/23/2019',44,61481),(495,567,'11/09/2017','09/18/2020',40,26761),(496,375,'01/07/2018','09/11/2020',93,55428),(497,534,'04/25/2018','08/05/2019',34,69232),(498,542,'08/13/2017','04/20/2020',40,68838),(499,352,'02/05/2018','06/10/2019',39,23095),(500,533,'05/30/2018','05/26/2019',65,16762);

INSERT INTO RentMaster([RentID],[PropertyID],[Starting_date],[Ending_date],[ClientID],[Rent_price]) VALUES(501,537,'08/05/2018','11/23/2019',32,50412),(502,582,'05/25/2018','06/13/2020',58,52766),(503,515,'11/12/2018','06/28/2020',47,77581),(504,438,'12/16/2016','06/05/2020',9,72068),(505,549,'12/23/2017','12/03/2020',94,75244),(506,351,'01/24/2017','09/22/2020',29,50987),(507,442,'06/03/2018','12/19/2019',64,32974),(508,375,'12/08/2017','07/15/2019',29,69861),(509,523,'03/19/2018','02/22/2019',79,70158),(510,552,'11/13/2018','07/14/2019',6,53390);
INSERT INTO RentMaster([RentID],[PropertyID],[Starting_date],[Ending_date],[ClientID],[Rent_price]) VALUES(511,435,'12/24/2017','06/17/2020',30,45983),(512,539,'01/06/2018','11/24/2020',20,39856),(513,440,'12/30/2016','05/02/2020',85,52264),(514,335,'04/24/2017','04/14/2019',64,66856),(515,377,'08/09/2018','01/20/2019',9,68032),(516,550,'10/13/2018','07/08/2020',15,21152),(517,364,'01/23/2018','07/14/2019',94,29778),(518,548,'08/22/2018','02/13/2019',14,22825),(519,353,'01/07/2017','02/23/2020',93,54720),(520,589,'01/08/2017','10/29/2019',75,47648);
INSERT INTO RentMaster([RentID],[PropertyID],[Starting_date],[Ending_date],[ClientID],[Rent_price]) VALUES(521,379,'02/03/2017','01/25/2019',54,59430),(522,440,'01/02/2018','10/07/2020',29,64917),(523,386,'03/13/2017','06/22/2019',28,53020),(524,386,'01/27/2017','04/08/2019',9,42309),(525,335,'02/01/2018','05/08/2019',19,33912),(526,547,'04/16/2018','11/16/2019',17,72162),(527,463,'06/23/2018','07/19/2020',38,36140),(528,566,'03/07/2018','07/26/2020',72,32769),(529,409,'06/17/2018','02/15/2019',44,47489),(530,530,'05/29/2018','08/22/2020',34,74700);
INSERT INTO RentMaster([RentID],[PropertyID],[Starting_date],[Ending_date],[ClientID],[Rent_price]) VALUES(531,358,'08/01/2017','06/13/2020',21,30619),(532,565,'10/21/2017','06/01/2020',11,54428),(533,453,'12/08/2017','09/17/2020',33,34973),(534,325,'09/30/2018','03/26/2020',11,32061),(535,367,'06/17/2018','07/31/2019',39,20555),(536,347,'04/03/2017','03/11/2019',37,23510),(537,502,'03/08/2017','10/10/2019',78,70622),(538,341,'10/18/2018','03/21/2020',89,39664),(539,482,'10/21/2018','03/06/2020',46,17212),(540,326,'11/05/2018','06/25/2020',30,60029);
INSERT INTO RentMaster([RentID],[PropertyID],[Starting_date],[Ending_date],[ClientID],[Rent_price]) VALUES(541,370,'04/20/2018','12/08/2020',5,75991),(542,508,'01/28/2018','05/17/2019',25,16652),(543,492,'09/07/2018','08/13/2020',47,44935),(544,594,'11/19/2017','08/21/2020',4,64715),(545,599,'12/15/2016','03/21/2019',99,18304),(546,343,'01/02/2017','04/15/2019',65,12852),(547,334,'03/20/2018','05/02/2020',78,50066),(548,555,'02/18/2018','12/26/2018',57,61437),(549,533,'10/07/2018','09/28/2020',76,14452),(550,395,'04/10/2017','02/05/2019',87,51431);
INSERT INTO RentMaster([RentID],[PropertyID],[Starting_date],[Ending_date],[ClientID],[Rent_price]) VALUES(551,553,'05/17/2017','05/20/2020',33,11214),(552,414,'08/30/2018','09/14/2020',9,63607),(553,355,'07/20/2018','04/01/2019',81,51424),(554,384,'03/08/2017','08/02/2019',56,23791),(555,384,'11/20/2018','01/05/2019',34,61608),(556,391,'08/03/2017','03/02/2019',92,25755),(557,484,'01/07/2017','11/21/2020',79,77369),(558,320,'09/18/2018','12/03/2019',90,37829),(559,410,'06/23/2017','09/19/2019',72,67942),(560,308,'02/10/2017','02/28/2019',28,57359);
INSERT INTO RentMaster([RentID],[PropertyID],[Starting_date],[Ending_date],[ClientID],[Rent_price]) VALUES(561,456,'05/03/2017','12/19/2020',67,39468),(562,312,'04/12/2018','08/17/2020',42,42422),(563,514,'09/23/2018','03/10/2019',19,51903),(564,491,'04/29/2017','07/16/2020',49,54467),(565,440,'10/15/2018','10/20/2020',24,64458),(566,383,'08/30/2017','02/13/2020',95,28981),(567,314,'05/15/2017','05/12/2020',1,73688),(568,383,'03/25/2017','02/22/2020',4,54998),(569,519,'01/29/2017','12/29/2018',96,65361),(570,351,'09/04/2017','07/26/2020',66,43827);
INSERT INTO RentMaster([RentID],[PropertyID],[Starting_date],[Ending_date],[ClientID],[Rent_price]) VALUES(571,406,'11/06/2017','08/26/2019',46,73536),(572,343,'05/01/2018','06/18/2020',87,50949),(573,383,'04/01/2017','08/25/2020',13,43586),(574,468,'01/03/2018','07/18/2020',83,69045),(575,390,'11/07/2018','11/15/2020',88,76639),(576,513,'07/04/2018','05/28/2019',2,71875),(577,302,'09/10/2018','09/11/2020',8,33984),(578,476,'06/20/2018','03/24/2019',99,11791),(579,535,'08/06/2017','02/16/2020',69,76147),(580,546,'07/26/2017','02/20/2020',91,78963);
INSERT INTO RentMaster([RentID],[PropertyID],[Starting_date],[Ending_date],[ClientID],[Rent_price]) VALUES(581,600,'04/11/2017','10/12/2019',35,35868),(582,538,'03/20/2018','10/19/2019',63,57723),(583,523,'09/02/2018','02/10/2019',97,32130),(584,586,'12/02/2018','01/31/2019',78,23394),(585,310,'09/04/2018','02/16/2019',35,26687),(586,310,'09/29/2018','05/25/2019',96,70895),(587,542,'09/12/2017','09/01/2019',54,48032),(588,460,'01/28/2017','09/23/2019',66,77691),(589,463,'12/25/2017','06/22/2019',40,76764),(590,598,'04/27/2017','02/07/2020',61,28267);
INSERT INTO RentMaster([RentID],[PropertyID],[Starting_date],[Ending_date],[ClientID],[Rent_price]) VALUES(591,329,'10/09/2018','10/12/2020',44,43260),(592,308,'02/28/2017','11/23/2019',68,22365),(593,391,'06/19/2018','12/21/2018',84,45924),(594,569,'05/17/2018','02/04/2020',68,25834),(595,532,'01/10/2018','03/28/2020',76,47229),(596,304,'02/05/2018','05/20/2020',78,69967),(597,437,'04/03/2017','06/21/2019',82,49352),(598,560,'03/04/2017','11/24/2019',28,54899),(599,440,'02/09/2018','05/09/2020',75,58227),(600,407,'12/16/2017','07/17/2020',100,42488);


INSERT INTO Maintainance([MaintainanceID],[RentID],[Start_date],[End_date],[WorkerID]) VALUES(1,104,'01/08/2018','01/02/2019',60),(2,78,'05/26/2018','08/12/2019',85),(3,134,'01/02/2018','07/30/2020',74),(4,193,'08/24/2018','09/06/2020',7),(5,231,'03/27/2018','07/20/2020',83),(6,413,'08/01/2018','08/16/2020',88),(7,42,'07/20/2018','11/03/2020',71),(8,563,'02/16/2018','07/08/2020',77),(9,70,'08/06/2018','09/02/2019',84),(10,209,'01/30/2018','09/25/2020',33);
INSERT INTO Maintainance([MaintainanceID],[RentID],[Start_date],[End_date],[WorkerID]) VALUES(11,327,'08/29/2018','03/14/2019',9),(12,312,'01/04/2018','02/08/2020',31),(13,433,'11/16/2018','05/26/2019',60),(14,35,'10/18/2018','07/28/2019',10),(15,52,'09/25/2018','06/03/2020',12),(16,275,'05/31/2018','09/30/2020',80),(17,187,'02/01/2018','09/25/2020',98),(18,370,'09/09/2018','12/04/2020',80),(19,349,'06/12/2018','03/27/2019',46),(20,382,'10/17/2018','09/13/2020',87);
INSERT INTO Maintainance([MaintainanceID],[RentID],[Start_date],[End_date],[WorkerID]) VALUES(21,372,'11/15/2018','07/27/2019',86),(22,111,'02/11/2018','03/20/2019',40),(23,167,'05/19/2018','08/31/2019',36),(24,354,'02/03/2018','05/02/2019',22),(25,216,'06/15/2018','06/11/2019',62),(26,584,'02/21/2018','01/30/2020',38),(27,514,'01/20/2018','04/27/2020',37),(28,218,'10/23/2018','06/25/2019',29),(29,255,'11/07/2018','02/17/2020',43),(30,298,'09/08/2018','09/04/2020',11);
INSERT INTO Maintainance([MaintainanceID],[RentID],[Start_date],[End_date],[WorkerID]) VALUES(31,287,'04/03/2018','09/09/2019',16),(32,150,'06/12/2018','04/09/2020',61),(33,287,'06/14/2018','02/02/2020',51),(34,513,'03/22/2018','06/14/2019',92),(35,56,'04/15/2018','02/28/2020',20),(36,10,'10/17/2018','12/16/2020',96),(37,460,'12/01/2018','03/04/2020',60),(38,287,'01/22/2018','05/04/2019',59),(39,54,'04/20/2018','03/24/2019',14),(40,389,'08/04/2018','01/13/2019',10);
INSERT INTO Maintainance([MaintainanceID],[RentID],[Start_date],[End_date],[WorkerID]) VALUES(41,447,'03/06/2018','12/14/2020',45),(42,200,'02/28/2018','08/25/2020',29),(43,225,'02/19/2018','08/13/2020',7),(44,126,'11/06/2018','12/26/2018',74),(45,17,'09/15/2018','10/29/2019',18),(46,514,'09/27/2018','04/23/2019',38),(47,256,'02/12/2018','02/14/2020',32),(48,512,'04/25/2018','08/10/2019',78),(49,14,'11/04/2018','04/26/2020',35),(50,155,'09/04/2018','01/07/2019',46);
INSERT INTO Maintainance([MaintainanceID],[RentID],[Start_date],[End_date],[WorkerID]) VALUES(51,433,'09/09/2018','08/29/2019',70),(52,356,'06/26/2018','03/04/2019',61),(53,462,'01/01/2018','08/05/2019',26),(54,410,'06/08/2018','07/31/2020',71),(55,23,'05/07/2018','02/21/2019',52),(56,241,'11/17/2018','02/15/2020',50),(57,593,'05/17/2018','03/14/2020',36),(58,481,'02/14/2018','10/06/2020',87),(59,476,'09/30/2018','10/12/2019',97),(60,45,'08/12/2018','04/19/2019',45);
INSERT INTO Maintainance([MaintainanceID],[RentID],[Start_date],[End_date],[WorkerID]) VALUES(61,522,'05/12/2018','11/24/2019',41),(62,583,'10/07/2018','06/22/2020',37),(63,370,'06/29/2018','10/29/2020',97),(64,228,'07/09/2018','02/07/2020',84),(65,193,'01/25/2018','11/20/2020',9),(66,465,'06/09/2018','05/02/2019',29),(67,535,'09/08/2018','05/06/2019',54),(68,320,'09/19/2018','07/24/2019',68),(69,348,'10/25/2018','03/27/2019',62),(70,58,'05/06/2018','02/01/2020',85);
INSERT INTO Maintainance([MaintainanceID],[RentID],[Start_date],[End_date],[WorkerID]) VALUES(71,350,'07/30/2018','01/08/2020',20),(72,256,'05/05/2018','12/14/2020',43),(73,74,'11/01/2018','08/11/2019',8),(74,9,'04/23/2018','02/21/2019',26),(75,566,'04/26/2018','12/17/2020',24),(76,350,'02/01/2018','11/23/2020',57),(77,260,'03/13/2018','02/14/2020',19),(78,241,'01/02/2018','12/01/2019',58),(79,72,'08/21/2018','04/07/2020',80),(80,446,'07/28/2018','01/07/2019',44);
INSERT INTO Maintainance([MaintainanceID],[RentID],[Start_date],[End_date],[WorkerID]) VALUES(81,145,'01/01/2018','11/12/2020',36),(82,543,'01/25/2018','07/01/2019',66),(83,343,'07/10/2018','06/03/2020',49),(84,544,'07/09/2018','10/14/2019',80),(85,117,'01/18/2018','08/31/2019',75),(86,165,'05/12/2018','05/03/2020',6),(87,351,'02/25/2018','06/13/2019',32),(88,444,'02/22/2018','07/19/2019',69),(89,356,'10/03/2018','03/04/2019',30),(90,150,'12/05/2018','03/21/2020',60);
INSERT INTO Maintainance([MaintainanceID],[RentID],[Start_date],[End_date],[WorkerID]) VALUES(91,366,'03/28/2018','03/31/2020',91),(92,382,'01/30/2018','06/03/2019',15),(93,536,'01/04/2018','02/13/2020',61),(94,339,'02/14/2018','05/01/2020',6),(95,557,'03/31/2018','06/08/2020',38),(96,530,'11/15/2018','07/30/2020',51),(97,65,'05/10/2018','09/23/2020',4),(98,550,'07/19/2018','01/19/2019',74),(99,458,'03/26/2018','12/15/2019',88),(100,238,'08/28/2018','04/22/2019',87);

INSERT INTO Maintainance([MaintainanceID],[RentID],[Start_date],[End_date],[WorkerID]) VALUES(101,584,'03/20/2018','06/21/2020',46),(102,59,'05/19/2018','04/20/2019',53),(103,521,'07/23/2018','12/18/2020',42),(104,360,'03/27/2018','02/27/2019',37),(105,128,'10/26/2018','05/05/2020',90),(106,256,'01/07/2018','12/22/2018',20),(107,542,'02/12/2018','07/16/2019',72),(108,393,'06/12/2018','08/21/2019',25),(109,343,'10/12/2018','03/23/2020',17),(110,317,'10/26/2018','12/07/2019',48);
INSERT INTO Maintainance([MaintainanceID],[RentID],[Start_date],[End_date],[WorkerID]) VALUES(111,452,'05/18/2018','01/04/2019',86),(112,264,'10/29/2018','06/18/2019',71),(113,392,'11/02/2018','03/28/2020',46),(114,218,'05/31/2018','12/29/2018',7),(115,187,'05/27/2018','07/28/2019',44),(116,565,'09/21/2018','04/14/2020',38),(117,65,'03/29/2018','10/10/2020',51),(118,587,'07/02/2018','04/30/2019',42),(119,119,'09/26/2018','01/18/2019',80),(120,395,'07/01/2018','03/26/2020',37);
INSERT INTO Maintainance([MaintainanceID],[RentID],[Start_date],[End_date],[WorkerID]) VALUES(121,413,'04/28/2018','07/26/2019',9),(122,371,'05/11/2018','05/05/2019',78),(123,265,'03/10/2018','03/09/2019',58),(124,501,'09/10/2018','12/02/2020',23),(125,575,'04/15/2018','07/21/2019',87),(126,29,'11/02/2018','05/17/2019',97),(127,186,'07/18/2018','05/16/2019',90),(128,480,'06/17/2018','07/16/2019',3),(129,360,'11/07/2018','11/26/2020',94),(130,319,'09/04/2018','12/15/2019',57);
INSERT INTO Maintainance([MaintainanceID],[RentID],[Start_date],[End_date],[WorkerID]) VALUES(131,432,'08/15/2018','01/01/2020',32),(132,484,'05/18/2018','02/04/2019',89),(133,214,'01/14/2018','03/13/2020',66),(134,215,'05/17/2018','11/06/2020',87),(135,438,'06/25/2018','07/04/2019',28),(136,440,'06/25/2018','05/08/2020',50),(137,39,'01/08/2018','06/03/2020',38),(138,366,'10/04/2018','03/11/2019',9),(139,454,'03/20/2018','11/19/2019',66),(140,528,'08/07/2018','11/06/2020',61);
INSERT INTO Maintainance([MaintainanceID],[RentID],[Start_date],[End_date],[WorkerID]) VALUES(141,51,'11/17/2018','07/26/2019',15),(142,208,'10/06/2018','04/09/2019',16),(143,399,'07/18/2018','10/04/2019',84),(144,68,'04/07/2018','02/14/2020',77),(145,431,'05/12/2018','10/19/2019',43),(146,39,'07/09/2018','10/02/2020',60),(147,104,'11/04/2018','06/26/2020',76),(148,191,'09/23/2018','02/08/2020',81),(149,336,'11/20/2018','07/14/2019',45),(150,567,'11/07/2018','08/31/2020',44);
INSERT INTO Maintainance([MaintainanceID],[RentID],[Start_date],[End_date],[WorkerID]) VALUES(151,330,'09/17/2018','04/20/2020',72),(152,527,'11/13/2018','08/27/2019',31),(153,407,'09/25/2018','12/16/2020',38),(154,335,'11/14/2018','02/03/2020',74),(155,267,'04/01/2018','06/13/2019',43),(156,313,'07/20/2018','06/23/2019',6),(157,536,'04/28/2018','03/05/2020',52),(158,101,'12/30/2017','01/18/2019',18),(159,306,'04/30/2018','07/27/2020',96),(160,24,'11/28/2018','01/20/2019',42);
INSERT INTO Maintainance([MaintainanceID],[RentID],[Start_date],[End_date],[WorkerID]) VALUES(161,94,'03/28/2018','03/19/2020',74),(162,313,'06/07/2018','01/19/2020',17),(163,316,'06/02/2018','02/16/2019',41),(164,287,'06/10/2018','02/25/2020',29),(165,252,'07/05/2018','09/15/2019',38),(166,170,'03/23/2018','01/31/2020',100),(167,393,'10/11/2018','06/06/2019',7),(168,148,'07/13/2018','01/08/2020',92),(169,558,'11/09/2018','08/26/2020',95),(170,440,'06/07/2018','08/22/2020',66);
INSERT INTO Maintainance([MaintainanceID],[RentID],[Start_date],[End_date],[WorkerID]) VALUES(171,257,'04/21/2018','03/25/2019',85),(172,410,'07/26/2018','05/31/2019',84),(173,501,'08/08/2018','03/10/2020',43),(174,546,'05/21/2018','06/29/2020',85),(175,233,'06/22/2018','05/02/2020',87),(176,102,'08/01/2018','04/28/2020',33),(177,360,'04/06/2018','10/22/2020',66),(178,551,'08/19/2018','12/25/2019',35),(179,364,'02/10/2018','12/28/2019',83),(180,305,'06/22/2018','08/07/2020',31);
INSERT INTO Maintainance([MaintainanceID],[RentID],[Start_date],[End_date],[WorkerID]) VALUES(181,483,'02/02/2018','11/09/2020',66),(182,83,'11/28/2018','02/26/2019',6),(183,35,'02/16/2018','12/12/2019',76),(184,65,'06/02/2018','03/03/2019',74),(185,481,'09/16/2018','11/23/2020',59),(186,563,'09/19/2018','03/27/2020',84),(187,383,'09/15/2018','08/12/2020',89),(188,251,'08/30/2018','03/13/2019',90),(189,38,'10/22/2018','12/02/2019',86),(190,591,'05/11/2018','07/29/2019',25);
INSERT INTO Maintainance([MaintainanceID],[RentID],[Start_date],[End_date],[WorkerID]) VALUES(191,544,'04/29/2018','11/19/2019',93),(192,460,'07/03/2018','02/09/2019',29),(193,157,'02/22/2018','03/17/2019',20),(194,24,'06/09/2018','10/23/2019',97),(195,234,'01/20/2018','08/15/2020',88),(196,155,'02/08/2018','07/28/2020',99),(197,87,'04/14/2018','04/04/2019',87),(198,58,'08/20/2018','03/14/2019',96),(199,496,'05/03/2018','12/19/2020',53),(200,553,'03/15/2018','05/24/2019',97);

INSERT INTO Maintainance([MaintainanceID],[RentID],[Start_date],[End_date],[WorkerID]) VALUES(201,433,'12/02/2018','05/07/2019',42),(202,191,'07/02/2018','12/26/2019',96),(203,259,'01/06/2018','08/13/2020',73),(204,96,'08/17/2018','03/31/2020',70),(205,170,'11/13/2018','10/07/2019',93),(206,544,'07/01/2018','11/01/2019',46),(207,503,'02/20/2018','05/26/2019',80),(208,13,'04/21/2018','02/07/2019',9),(209,4,'11/19/2018','08/19/2019',87),(210,152,'10/15/2018','06/28/2020',40);
INSERT INTO Maintainance([MaintainanceID],[RentID],[Start_date],[End_date],[WorkerID]) VALUES(211,13,'05/09/2018','08/30/2020',38),(212,243,'10/18/2018','05/14/2020',23),(213,165,'09/07/2018','11/26/2019',50),(214,236,'05/13/2018','07/16/2019',91),(215,335,'04/22/2018','12/23/2019',72),(216,122,'02/21/2018','03/25/2020',39),(217,135,'07/08/2018','10/09/2019',41),(218,39,'04/26/2018','11/02/2019',44),(219,253,'08/03/2018','03/27/2019',18),(220,146,'10/26/2018','01/20/2019',46);
INSERT INTO Maintainance([MaintainanceID],[RentID],[Start_date],[End_date],[WorkerID]) VALUES(221,197,'05/22/2018','12/20/2019',91),(222,93,'01/16/2018','11/28/2019',35),(223,477,'10/11/2018','02/13/2020',11),(224,523,'08/20/2018','06/10/2019',97),(225,407,'10/02/2018','02/14/2020',13),(226,305,'12/04/2018','12/24/2019',13),(227,96,'10/14/2018','09/26/2019',29),(228,298,'07/08/2018','08/17/2019',33),(229,42,'06/05/2018','08/31/2019',87),(230,455,'08/31/2018','12/07/2020',3);
INSERT INTO Maintainance([MaintainanceID],[RentID],[Start_date],[End_date],[WorkerID]) VALUES(231,532,'10/04/2018','12/11/2019',87),(232,250,'10/04/2018','10/30/2020',37),(233,376,'05/13/2018','01/04/2019',45),(234,312,'05/16/2018','01/05/2019',35),(235,54,'05/07/2018','07/29/2020',39),(236,129,'10/17/2018','11/29/2020',81),(237,105,'11/02/2018','05/08/2019',34),(238,131,'01/27/2018','12/06/2020',76),(239,526,'06/10/2018','10/07/2019',92),(240,122,'05/11/2018','05/19/2020',80);
INSERT INTO Maintainance([MaintainanceID],[RentID],[Start_date],[End_date],[WorkerID]) VALUES(241,29,'04/20/2018','06/28/2020',2),(242,104,'05/05/2018','09/05/2020',7),(243,131,'06/09/2018','12/09/2019',31),(244,94,'05/17/2018','07/23/2019',32),(245,7,'01/11/2018','04/28/2019',71),(246,119,'09/23/2018','12/06/2020',35),(247,255,'06/10/2018','05/08/2020',94),(248,294,'10/20/2018','12/03/2019',46),(249,491,'07/11/2018','10/21/2020',15),(250,373,'07/26/2018','07/09/2019',94);
INSERT INTO Maintainance([MaintainanceID],[RentID],[Start_date],[End_date],[WorkerID]) VALUES(251,166,'10/05/2018','09/17/2019',64),(252,317,'06/24/2018','11/26/2020',61),(253,98,'10/18/2018','04/16/2020',91),(254,11,'10/10/2018','11/22/2020',31),(255,469,'08/30/2018','09/24/2020',76),(256,268,'08/24/2018','02/23/2020',85),(257,286,'04/08/2018','09/07/2019',87),(258,73,'03/13/2018','01/17/2019',62),(259,139,'09/25/2018','02/08/2019',14),(260,33,'10/10/2018','04/10/2020',60);
INSERT INTO Maintainance([MaintainanceID],[RentID],[Start_date],[End_date],[WorkerID]) VALUES(261,540,'05/21/2018','09/14/2019',19),(262,571,'02/11/2018','11/05/2020',5),(263,455,'04/17/2018','08/14/2019',65),(264,578,'09/07/2018','02/28/2020',4),(265,528,'11/28/2018','02/26/2019',72),(266,284,'06/22/2018','05/13/2019',47),(267,276,'11/28/2018','11/30/2019',29),(268,537,'07/03/2018','05/03/2019',75),(269,308,'02/05/2018','07/31/2020',38),(270,229,'01/28/2018','07/31/2019',53);
INSERT INTO Maintainance([MaintainanceID],[RentID],[Start_date],[End_date],[WorkerID]) VALUES(271,570,'09/12/2018','07/05/2019',78),(272,589,'09/06/2018','03/14/2019',30),(273,584,'06/24/2018','11/04/2020',48),(274,120,'05/26/2018','12/04/2020',13),(275,10,'05/18/2018','02/12/2019',11),(276,163,'08/29/2018','09/12/2019',82),(277,340,'12/31/2017','07/10/2020',71),(278,46,'05/22/2018','03/10/2019',34),(279,346,'09/30/2018','01/30/2019',19),(280,57,'05/19/2018','11/12/2020',83);
INSERT INTO Maintainance([MaintainanceID],[RentID],[Start_date],[End_date],[WorkerID]) VALUES(281,381,'04/07/2018','02/07/2019',94),(282,348,'06/11/2018','10/08/2019',72),(283,121,'09/01/2018','01/31/2019',62),(284,518,'09/24/2018','08/13/2019',60),(285,265,'12/30/2017','09/19/2020',41),(286,592,'07/12/2018','05/07/2019',5),(287,433,'10/29/2018','03/09/2019',68),(288,38,'08/10/2018','05/25/2019',62),(289,314,'06/11/2018','05/27/2020',84),(290,283,'07/30/2018','05/12/2019',49);
INSERT INTO Maintainance([MaintainanceID],[RentID],[Start_date],[End_date],[WorkerID]) VALUES(291,492,'11/17/2018','12/14/2020',91),(292,273,'12/02/2018','09/08/2019',86),(293,343,'06/19/2018','09/14/2020',18),(294,102,'04/14/2018','12/04/2020',27),(295,537,'09/16/2018','03/07/2019',39),(296,270,'11/16/2018','06/28/2019',8),(297,18,'08/10/2018','11/23/2019',81),(298,161,'11/27/2018','01/25/2019',32),(299,570,'09/16/2018','03/24/2020',79),(300,352,'07/07/2018','11/09/2019',35);

INSERT INTO Maintainance([MaintainanceID],[RentID],[Start_date],[End_date],[WorkerID]) VALUES(301,353,'03/30/2018','11/09/2019',32),(302,544,'04/27/2018','05/25/2020',54),(303,217,'08/16/2018','08/05/2019',46),(304,337,'11/19/2018','04/03/2020',84),(305,593,'11/16/2018','07/16/2019',37),(306,16,'04/16/2018','11/21/2019',96),(307,42,'02/07/2018','01/01/2020',64),(308,6,'12/04/2018','09/23/2020',28),(309,257,'03/02/2018','09/27/2020',4),(310,274,'02/15/2018','04/06/2020',99);
INSERT INTO Maintainance([MaintainanceID],[RentID],[Start_date],[End_date],[WorkerID]) VALUES(311,84,'06/06/2018','07/30/2019',20),(312,348,'04/24/2018','04/24/2020',49),(313,277,'05/22/2018','08/27/2020',21),(314,406,'07/29/2018','05/14/2019',89),(315,449,'03/08/2018','07/31/2020',9),(316,121,'04/28/2018','06/08/2019',99),(317,106,'11/29/2018','02/11/2019',83),(318,450,'04/08/2018','03/16/2020',12),(319,575,'02/14/2018','04/22/2019',8),(320,555,'08/28/2018','03/10/2020',9);
INSERT INTO Maintainance([MaintainanceID],[RentID],[Start_date],[End_date],[WorkerID]) VALUES(321,393,'07/14/2018','09/25/2019',84),(322,402,'09/27/2018','01/25/2020',70),(323,296,'05/20/2018','03/01/2019',3),(324,162,'10/18/2018','12/11/2020',29),(325,286,'09/12/2018','03/14/2019',54),(326,9,'02/13/2018','03/17/2020',4),(327,173,'07/28/2018','01/20/2020',13),(328,16,'01/01/2018','01/09/2019',34),(329,364,'07/25/2018','09/06/2019',26),(330,494,'07/09/2018','03/05/2019',24);
INSERT INTO Maintainance([MaintainanceID],[RentID],[Start_date],[End_date],[WorkerID]) VALUES(331,300,'10/09/2018','05/10/2019',63),(332,543,'11/28/2018','07/23/2019',27),(333,296,'07/13/2018','02/22/2020',24),(334,195,'10/21/2018','07/10/2020',89),(335,411,'09/21/2018','08/27/2019',37),(336,243,'03/12/2018','07/03/2020',30),(337,588,'12/30/2017','12/14/2019',19),(338,559,'07/01/2018','09/16/2019',21),(339,124,'10/02/2018','03/21/2019',24),(340,69,'02/20/2018','04/04/2019',13);
INSERT INTO Maintainance([MaintainanceID],[RentID],[Start_date],[End_date],[WorkerID]) VALUES(341,451,'05/21/2018','07/31/2020',72),(342,404,'01/02/2018','01/26/2019',82),(343,30,'08/23/2018','06/12/2020',14),(344,137,'11/27/2018','08/10/2019',25),(345,563,'02/14/2018','03/15/2019',93),(346,143,'04/18/2018','11/06/2020',24),(347,585,'01/29/2018','08/17/2020',68),(348,72,'04/25/2018','08/12/2020',13),(349,402,'11/07/2018','12/16/2019',85),(350,242,'08/10/2018','08/12/2020',72);
INSERT INTO Maintainance([MaintainanceID],[RentID],[Start_date],[End_date],[WorkerID]) VALUES(351,432,'05/04/2018','05/06/2020',95),(352,160,'11/06/2018','08/12/2019',81),(353,99,'02/18/2018','11/19/2019',64),(354,297,'04/15/2018','05/29/2019',31),(355,113,'08/01/2018','06/16/2020',34),(356,405,'11/11/2018','08/08/2020',58),(357,134,'06/18/2018','10/22/2019',90),(358,466,'09/20/2018','10/19/2020',16),(359,373,'11/10/2018','08/12/2020',31),(360,182,'08/31/2018','02/14/2019',64);
INSERT INTO Maintainance([MaintainanceID],[RentID],[Start_date],[End_date],[WorkerID]) VALUES(361,146,'11/26/2018','09/02/2020',64),(362,83,'11/19/2018','02/13/2020',85),(363,579,'09/18/2018','11/02/2019',17),(364,410,'05/28/2018','02/02/2020',90),(365,97,'06/22/2018','05/05/2019',16),(366,338,'05/08/2018','08/03/2020',83),(367,318,'01/07/2018','10/24/2019',29),(368,189,'07/14/2018','10/25/2019',22),(369,276,'10/31/2018','05/11/2020',95),(370,465,'04/10/2018','01/15/2019',49);
INSERT INTO Maintainance([MaintainanceID],[RentID],[Start_date],[End_date],[WorkerID]) VALUES(371,79,'04/29/2018','06/18/2019',17),(372,444,'03/08/2018','07/30/2020',63),(373,255,'08/08/2018','09/17/2019',41),(374,162,'03/10/2018','05/21/2019',4),(375,537,'10/28/2018','10/24/2020',58),(376,108,'06/23/2018','08/03/2020',94),(377,32,'04/02/2018','09/20/2020',78),(378,277,'02/23/2018','09/30/2020',30),(379,302,'08/22/2018','11/18/2020',2),(380,47,'07/04/2018','03/04/2020',88);
INSERT INTO Maintainance([MaintainanceID],[RentID],[Start_date],[End_date],[WorkerID]) VALUES(381,321,'08/25/2018','01/04/2019',86),(382,284,'12/01/2018','02/20/2019',20),(383,485,'03/13/2018','03/14/2019',36),(384,200,'04/20/2018','03/30/2019',53),(385,171,'12/02/2018','11/22/2020',97),(386,27,'03/19/2018','03/11/2020',59),(387,592,'07/15/2018','10/11/2019',58),(388,107,'07/13/2018','08/24/2019',88),(389,55,'01/07/2018','12/22/2019',10),(390,112,'05/02/2018','05/31/2020',91);
INSERT INTO Maintainance([MaintainanceID],[RentID],[Start_date],[End_date],[WorkerID]) VALUES(391,162,'09/22/2018','09/10/2019',74),(392,184,'02/10/2018','02/28/2019',19),(393,487,'06/08/2018','04/16/2019',43),(394,293,'01/14/2018','07/19/2020',97),(395,336,'11/06/2018','01/13/2020',71),(396,500,'07/11/2018','01/21/2019',59),(397,439,'06/22/2018','10/03/2019',4),(398,335,'11/09/2018','06/10/2019',49),(399,91,'06/16/2018','02/09/2019',19),(400,183,'06/25/2018','01/04/2020',30);

INSERT INTO Maintainance([MaintainanceID],[RentID],[Start_date],[WorkerID]) VALUES(401,427,'06/04/2019',79),(402,520,'06/05/2019',1),(403,255,'01/10/2019',35),(404,135,'12/04/2019',56),(405,574,'01/12/2019',98),(406,77,'05/23/2019',44),(407,586,'04/14/2019',63),(408,152,'07/17/2019',1),(409,111,'07/08/2019',3),(410,256,'11/17/2019',69);
INSERT INTO Maintainance([MaintainanceID],[RentID],[Start_date],[WorkerID]) VALUES(411,193,'03/30/2019',48),(412,532,'07/14/2019',40),(413,31,'08/24/2019',38),(414,530,'04/14/2019',12),(415,327,'01/28/2019',86),(416,499,'10/26/2019',48),(417,421,'05/07/2019',62),(418,154,'01/26/2019',25),(419,214,'12/10/2019',52),(420,174,'01/12/2019',12);
INSERT INTO Maintainance([MaintainanceID],[RentID],[Start_date],[WorkerID]) VALUES(421,426,'08/11/2019',57),(422,587,'07/18/2019',84),(423,98,'04/26/2019',23),(424,68,'04/13/2019',9),(425,525,'07/25/2019',56),(426,413,'02/01/2019',22),(427,308,'01/20/2019',2),(428,260,'07/16/2019',20),(429,244,'10/21/2019',91),(430,25,'10/11/2019',57);
INSERT INTO Maintainance([MaintainanceID],[RentID],[Start_date],[WorkerID]) VALUES(431,120,'11/24/2019',49),(432,124,'09/15/2019',56),(433,140,'11/04/2019',46),(434,46,'08/07/2019',15),(435,537,'02/20/2019',94),(436,336,'02/05/2019',80),(437,293,'02/22/2019',66),(438,36,'12/14/2019',7),(439,500,'11/14/2019',21),(440,27,'03/20/2019',73);
INSERT INTO Maintainance([MaintainanceID],[RentID],[Start_date],[WorkerID]) VALUES(441,593,'01/12/2019',41),(442,222,'03/12/2019',89),(443,477,'08/10/2019',58),(444,92,'10/11/2019',26),(445,137,'03/29/2019',63),(446,452,'09/30/2019',52),(447,111,'11/08/2019',22),(448,494,'11/18/2019',9),(449,490,'11/25/2019',97),(450,559,'11/07/2019',85);
INSERT INTO Maintainance([MaintainanceID],[RentID],[Start_date],[WorkerID]) VALUES(451,495,'06/17/2019',69),(452,507,'12/02/2019',52),(453,455,'05/30/2019',59),(454,550,'07/21/2019',81),(455,139,'05/27/2019',84),(456,95,'12/01/2019',90),(457,205,'08/25/2019',79),(458,143,'08/27/2019',34),(459,38,'04/07/2019',74),(460,269,'03/01/2019',66);
INSERT INTO Maintainance([MaintainanceID],[RentID],[Start_date],[WorkerID]) VALUES(461,139,'11/26/2019',77),(462,247,'09/02/2019',86),(463,381,'09/03/2019',56),(464,584,'08/12/2019',15),(465,539,'10/15/2019',85),(466,367,'03/05/2019',19),(467,554,'08/29/2019',53),(468,370,'12/16/2019',40),(469,30,'06/24/2019',92),(470,133,'05/24/2019',45);
INSERT INTO Maintainance([MaintainanceID],[RentID],[Start_date],[WorkerID]) VALUES(471,548,'06/19/2019',94),(472,476,'06/09/2019',87),(473,389,'04/27/2019',14),(474,142,'11/20/2019',68),(475,503,'10/22/2019',36),(476,485,'03/02/2019',69),(477,214,'10/15/2019',39),(478,186,'11/24/2019',46),(479,128,'01/17/2019',23),(480,425,'01/02/2019',16);
INSERT INTO Maintainance([MaintainanceID],[RentID],[Start_date],[WorkerID]) VALUES(481,236,'02/22/2019',54),(482,322,'07/01/2019',89),(483,190,'05/18/2019',72),(484,375,'10/25/2019',39),(485,44,'05/30/2019',99),(486,505,'08/21/2019',33),(487,181,'09/24/2019',53),(488,500,'03/31/2019',43),(489,59,'03/20/2019',75),(490,458,'04/21/2019',99);
INSERT INTO Maintainance([MaintainanceID],[RentID],[Start_date],[WorkerID]) VALUES(491,573,'02/25/2019',89),(492,189,'01/29/2019',24),(493,132,'06/17/2019',40),(494,258,'09/13/2019',49),(495,158,'11/30/2019',71),(496,452,'05/09/2019',71),(497,572,'06/25/2019',83),(498,487,'08/17/2019',31),(499,194,'02/12/2019',72),(500,454,'07/20/2019',13);

INSERT INTO Maintainance([MaintainanceID],[RentID],[Start_date],[WorkerID]) VALUES(501,50,'01/15/2019',37),(502,450,'07/03/2019',90),(503,299,'06/08/2019',7),(504,42,'11/20/2019',13),(505,193,'09/03/2019',13),(506,411,'06/15/2019',25),(507,506,'02/10/2019',15),(508,410,'01/02/2019',38),(509,428,'11/05/2019',13),(510,569,'03/07/2019',51);
INSERT INTO Maintainance([MaintainanceID],[RentID],[Start_date],[WorkerID]) VALUES(511,148,'08/29/2019',20),(512,356,'08/10/2019',68),(513,414,'07/16/2019',64),(514,317,'08/02/2019',76),(515,485,'05/19/2019',9),(516,38,'03/24/2019',69),(517,375,'09/28/2019',83),(518,399,'05/18/2019',38),(519,415,'11/25/2019',44),(520,551,'02/12/2019',34);
INSERT INTO Maintainance([MaintainanceID],[RentID],[Start_date],[WorkerID]) VALUES(521,465,'02/07/2019',78),(522,538,'04/15/2019',15),(523,279,'12/01/2019',39),(524,266,'01/07/2019',42),(525,236,'10/30/2019',39),(526,282,'06/09/2019',64),(527,508,'10/30/2019',55),(528,470,'09/14/2019',98),(529,14,'03/29/2019',46),(530,232,'03/31/2019',1);
INSERT INTO Maintainance([MaintainanceID],[RentID],[Start_date],[WorkerID]) VALUES(531,586,'07/17/2019',69),(532,570,'05/19/2019',90),(533,485,'03/18/2019',21),(534,402,'10/01/2019',4),(535,533,'02/12/2019',85),(536,402,'03/19/2019',41),(537,289,'04/10/2019',17),(538,561,'07/03/2019',62),(539,318,'06/30/2019',60),(540,112,'09/19/2019',93);
INSERT INTO Maintainance([MaintainanceID],[RentID],[Start_date],[WorkerID]) VALUES(541,155,'08/07/2019',93),(542,206,'02/25/2019',42),(543,599,'08/21/2019',36),(544,127,'12/13/2019',2),(545,301,'09/16/2019',67),(546,90,'10/14/2019',77),(547,253,'05/22/2019',54),(548,365,'07/31/2019',75),(549,464,'06/02/2019',54),(550,43,'08/01/2019',13);
INSERT INTO Maintainance([MaintainanceID],[RentID],[Start_date],[WorkerID]) VALUES(551,347,'02/10/2019',65),(552,482,'10/31/2019',38),(553,504,'08/06/2019',19),(554,294,'01/22/2019',81),(555,372,'06/12/2019',94),(556,375,'06/27/2019',72),(557,210,'07/07/2019',69),(558,197,'06/07/2019',11),(559,487,'09/02/2019',84),(560,569,'06/01/2019',28);
INSERT INTO Maintainance([MaintainanceID],[RentID],[Start_date],[WorkerID]) VALUES(561,375,'02/12/2019',6),(562,450,'01/02/2019',56),(563,409,'04/28/2019',80),(564,569,'05/07/2019',83),(565,393,'04/12/2019',71),(566,381,'06/11/2019',64),(567,298,'06/11/2019',42),(568,207,'03/18/2019',72),(569,381,'04/27/2019',29),(570,468,'01/04/2019',35);
INSERT INTO Maintainance([MaintainanceID],[RentID],[Start_date],[WorkerID]) VALUES(571,248,'07/18/2019',50),(572,259,'12/18/2019',59),(573,180,'09/18/2019',12),(574,53,'04/17/2019',51),(575,516,'11/09/2019',26),(576,423,'09/23/2019',81),(577,591,'05/30/2019',98),(578,289,'01/23/2019',63),(579,99,'05/14/2019',26),(580,246,'08/24/2019',58);
INSERT INTO Maintainance([MaintainanceID],[RentID],[Start_date],[WorkerID]) VALUES(581,152,'01/07/2019',27),(582,496,'01/12/2019',57),(583,275,'11/29/2019',54),(584,353,'08/01/2019',51),(585,374,'03/02/2019',13),(586,83,'09/03/2019',98),(587,109,'03/03/2019',62),(588,91,'05/13/2019',75),(589,217,'11/17/2019',22),(590,408,'05/21/2019',45);
INSERT INTO Maintainance([MaintainanceID],[RentID],[Start_date],[WorkerID]) VALUES(591,147,'11/09/2019',47),(592,366,'07/10/2019',40),(593,546,'03/24/2019',3),(594,585,'02/09/2019',9),(595,530,'10/14/2019',4),(596,344,'10/16/2019',11),(597,590,'05/28/2019',57),(598,354,'09/02/2019',81),(599,118,'05/20/2019',91),(600,366,'08/04/2019',15);



























			